0,1,2,3,4,5,6,7,8,9
4.950495049504951e-10,9.999944994499451e-06,8.888833883388339e-06,7.777722772277228e-06,6.666611661166117e-06,5.555500550055006e-06,4.444389438943895e-06,3.3332783278327835e-06,2.2221672167216722e-06,1.1110561056105612e-06
2.524752475247525e-08,9.997194719471947e-06,8.886083608360836e-06,7.774972497249725e-06,6.6638613861386146e-06,5.552750275027503e-06,4.441639163916392e-06,3.330528052805281e-06,2.2194169416941696e-06,1.1083058305830583e-06
5.0000000000000004e-08,9.994444444444446e-06,8.883333333333334e-06,7.772222222222223e-06,6.661111111111112e-06,5.550000000000001e-06,4.438888888888889e-06,3.327777777777778e-06,2.216666666666667e-06,1.1055555555555557e-06
7.475247524752475e-08,9.991694169416942e-06,8.880583058305831e-06,7.76947194719472e-06,6.658360836083609e-06,5.5472497249724976e-06,4.436138613861387e-06,3.3250275027502755e-06,2.213916391639164e-06,1.1028052805280528e-06
9.950495049504951e-08,9.98894389438944e-06,8.877832783278328e-06,7.766721672167217e-06,6.6556105610561066e-06,5.544499449944994e-06,4.433388338833884e-06,3.322277227722773e-06,2.211166116611661e-06,1.10005500550055e-06
1.2425742574257428e-07,9.986193619361936e-06,8.875082508250826e-06,7.763971397139715e-06,6.652860286028603e-06,5.541749174917492e-06,4.430638063806381e-06,3.31952695269527e-06,2.2084158415841585e-06,1.0973047304730474e-06
1.4900990099009903e-07,9.983443344334435e-06,8.872332233223323e-06,7.761221122112212e-06,6.6501100110011e-06,5.538998899889989e-06,4.427887788778879e-06,3.3167766776677666e-06,2.205665566556656e-06,1.0945544554455445e-06
1.737623762376238e-07,9.980693069306931e-06,8.86958195819582e-06,7.75847084708471e-06,6.647359735973598e-06,5.536248624862487e-06,4.425137513751375e-06,3.314026402640264e-06,2.202915291529153e-06,1.0918041804180419e-06
1.9851485148514854e-07,9.977942794279428e-06,8.866831683168318e-06,7.755720572057207e-06,6.644609460946095e-06,5.533498349834983e-06,4.4223872387238725e-06,3.3112761276127613e-06,2.2001650165016505e-06,1.0890539053905392e-06
2.2326732673267328e-07,9.975192519251926e-06,8.864081408140815e-06,7.752970297029704e-06,6.641859185918592e-06,5.5307480748074815e-06,4.41963696369637e-06,3.3085258525852586e-06,2.1974147414741474e-06,1.0863036303630363e-06
2.4801980198019805e-07,9.972442244224423e-06,8.861331133113312e-06,7.750220022002201e-06,6.63910891089109e-06,5.527997799779978e-06,4.416886688668867e-06,3.305775577557756e-06,2.1946644664466447e-06,1.0835533553355337e-06
2.7277227722772277e-07,9.96969196919692e-06,8.85858085808581e-06,7.747469746974699e-06,6.636358635863587e-06,5.525247524752476e-06,4.4141364136413645e-06,3.3030253025302533e-06,2.191914191419142e-06,1.080803080308031e-06
2.9752475247524754e-07,9.966941694169418e-06,8.855830583058307e-06,7.744719471947196e-06,6.633608360836084e-06,5.522497249724973e-06,4.411386138613862e-06,3.3002750275027506e-06,2.1891639163916394e-06,1.0780528052805281e-06
3.222772277227723e-07,9.964191419141915e-06,8.853080308030804e-06,7.741969196919693e-06,6.630858085808582e-06,5.51974697469747e-06,4.408635863586359e-06,3.297524752475248e-06,2.1864136413641367e-06,1.0753025302530254e-06
3.470297029702971e-07,9.961441144114412e-06,8.850330033003302e-06,7.739218921892189e-06,6.628107810781078e-06,5.516996699669967e-06,4.4058855885588565e-06,3.2947744774477453e-06,2.183663366336634e-06,1.0725522552255228e-06
3.717821782178218e-07,9.95869086908691e-06,8.847579757975799e-06,7.736468646864686e-06,6.625357535753576e-06,5.514246424642465e-06,4.403135313531354e-06,3.2920242024202426e-06,2.1809130913091313e-06,1.0698019801980199e-06
3.9653465346534657e-07,9.955940594059407e-06,8.844829482948294e-06,7.733718371837184e-06,6.622607260726073e-06,5.511496149614962e-06,4.400385038503851e-06,3.2892739273927395e-06,2.1781628162816283e-06,1.0670517051705172e-06
4.2128712871287134e-07,9.953190319031903e-06,8.842079207920794e-06,7.730968096809681e-06,6.619856985698571e-06,5.508745874587459e-06,4.397634763476348e-06,3.286523652365237e-06,2.1754125412541256e-06,1.0643014301430143e-06
4.4603960396039606e-07,9.950440044004402e-06,8.839328932893289e-06,7.728217821782178e-06,6.6171067106710675e-06,5.505995599559957e-06,4.394884488448845e-06,3.2837733773377337e-06,2.172662266226623e-06,1.0615511551155117e-06
4.7079207920792083e-07,9.947689768976897e-06,8.836578657865788e-06,7.725467546754676e-06,6.614356435643565e-06,5.503245324532453e-06,4.392134213421342e-06,3.281023102310231e-06,2.1699119911991202e-06,1.0588008800880088e-06
4.955445544554456e-07,9.944939493949396e-06,8.833828382838284e-06,7.722717271727173e-06,6.611606160616062e-06,5.500495049504951e-06,4.38938393839384e-06,3.2782728272827284e-06,2.1671617161716176e-06,1.0560506050605061e-06
5.202970297029704e-07,9.942189218921892e-06,8.831078107810783e-06,7.71996699669967e-06,6.6088558855885595e-06,5.497744774477448e-06,4.386633663366337e-06,3.2755225522552257e-06,2.164411441144115e-06,1.0533003300330034e-06
5.450495049504951e-07,9.939438943894391e-06,8.828327832783278e-06,7.717216721672168e-06,6.606105610561057e-06,5.494994499449945e-06,4.383883388338834e-06,3.272772277227723e-06,2.161661166116612e-06,1.0505500550055006e-06
5.698019801980199e-07,9.936688668866887e-06,8.825577557755777e-06,7.714466446644665e-06,6.603355335533553e-06,5.4922442244224425e-06,4.381133113311332e-06,3.2700220022002204e-06,2.158910891089109e-06,1.0477997799779979e-06
5.945544554455446e-07,9.933938393839386e-06,8.822827282728273e-06,7.711716171617162e-06,6.6006050605060515e-06,5.48949394939494e-06,4.378382838283829e-06,3.2672717271727177e-06,2.1561606160616065e-06,1.045049504950495e-06
6.193069306930693e-07,9.931188118811881e-06,8.82007700770077e-06,7.70896589658966e-06,6.597854785478548e-06,5.486743674367437e-06,4.375632563256326e-06,3.2645214521452146e-06,2.153410341034104e-06,1.0422992299229923e-06
6.440594059405941e-07,9.92843784378438e-06,8.817326732673268e-06,7.706215621562157e-06,6.595104510451046e-06,5.4839933993399345e-06,4.372882288228823e-06,3.261771177117712e-06,2.1506600660066007e-06,1.0395489548954897e-06
6.688118811881189e-07,9.925687568756876e-06,8.814576457645765e-06,7.703465346534654e-06,6.592354235423543e-06,5.481243124312432e-06,4.37013201320132e-06,3.2590209020902093e-06,2.147909790979098e-06,1.0367986798679868e-06
6.935643564356437e-07,9.922937293729373e-06,8.811826182618262e-06,7.700715071507152e-06,6.589603960396041e-06,5.478492849284929e-06,4.3673817381738174e-06,3.2562706270627066e-06,2.1451595159515954e-06,1.0340484048404841e-06
7.183168316831683e-07,9.92018701870187e-06,8.80907590759076e-06,7.697964796479649e-06,6.586853685368537e-06,5.4757425742574264e-06,4.364631463146315e-06,3.253520352035204e-06,2.1424092409240927e-06,1.0312981298129814e-06
7.430693069306931e-07,9.917436743674368e-06,8.806325632563257e-06,7.695214521452146e-06,6.5841034103410354e-06,5.472992299229924e-06,4.361881188118812e-06,3.2507700770077013e-06,2.13965896589659e-06,1.0285478547854786e-06
7.678217821782179e-07,9.914686468646865e-06,8.803575357535754e-06,7.692464246424644e-06,6.581353135313532e-06,5.470242024202421e-06,4.3591309130913094e-06,3.2480198019801986e-06,2.136908690869087e-06,1.025797579757976e-06
7.925742574257426e-07,9.911936193619363e-06,8.800825082508252e-06,7.689713971397141e-06,6.578602860286029e-06,5.467491749174918e-06,4.356380638063807e-06,3.2452695269526955e-06,2.1341584158415843e-06,1.0230473047304732e-06
8.173267326732674e-07,9.90918591859186e-06,8.798074807480749e-06,7.686963696369638e-06,6.575852585258527e-06,5.464741474147415e-06,4.353630363036304e-06,3.242519251925193e-06,2.1314081408140816e-06,1.0202970297029703e-06
8.420792079207922e-07,9.906435643564357e-06,8.795324532453246e-06,7.684213421342136e-06,6.573102310231023e-06,5.461991199119912e-06,4.350880088008801e-06,3.2397689768976897e-06,2.128657865786579e-06,1.0175467546754677e-06
8.668316831683168e-07,9.903685368536855e-06,8.792574257425744e-06,7.681463146314631e-06,6.570352035203521e-06,5.45924092409241e-06,4.348129812981298e-06,3.237018701870187e-06,2.1259075907590763e-06,1.014796479647965e-06
8.915841584158416e-07,9.900935093509352e-06,8.78982398239824e-06,7.67871287128713e-06,6.567601760176018e-06,5.456490649064907e-06,4.345379537953795e-06,3.2342684268426844e-06,2.123157315731573e-06,1.0120462046204621e-06
9.163366336633664e-07,9.89818481848185e-06,8.787073707370738e-06,7.675962596259626e-06,6.564851485148516e-06,5.453740374037404e-06,4.3426292629262926e-06,3.2315181518151817e-06,2.1204070407040705e-06,1.0092959295929595e-06
9.410891089108911e-07,9.895434543454347e-06,8.784323432343234e-06,7.673212321232125e-06,6.562101210121012e-06,5.4509900990099016e-06,4.33987898789879e-06,3.228767876787679e-06,2.117656765676568e-06,1.0065456545654566e-06
9.65841584158416e-07,9.892684268426844e-06,8.781573157315733e-06,7.67046204620462e-06,6.5593509350935106e-06,5.448239823982399e-06,4.337128712871287e-06,3.2260176017601764e-06,2.114906490649065e-06,1.003795379537954e-06
9.905940594059408e-07,9.889933993399341e-06,8.778822882288229e-06,7.66771177117712e-06,6.556600660066007e-06,5.445489548954896e-06,4.3343784378437846e-06,3.2232673267326737e-06,2.112156215621562e-06,1.001045104510451e-06
1.0153465346534655e-06,9.887183718371839e-06,8.776072607260728e-06,7.664961496149615e-06,6.553850385038505e-06,5.4427392739273936e-06,4.331628162816282e-06,3.220517051705171e-06,2.1094059405940594e-06,9.982948294829484e-07
1.0400990099009901e-06,9.884433443344336e-06,8.773322332233223e-06,7.662211221122113e-06,6.551100110011002e-06,5.43998899889989e-06,4.328877887788779e-06,3.2177667766776684e-06,2.1066556655665567e-06,9.955445544554457e-07
1.064851485148515e-06,9.881683168316833e-06,8.770572057205722e-06,7.65946094609461e-06,6.548349834983498e-06,5.437238723872388e-06,4.3261276127612765e-06,3.2150165016501657e-06,2.103905390539054e-06,9.927942794279428e-07
1.0896039603960397e-06,9.87893289328933e-06,8.767821782178218e-06,7.656710671067107e-06,6.545599559955996e-06,5.434488448844885e-06,4.323377337733774e-06,3.212266226622662e-06,2.1011551155115514e-06,9.900440044004401e-07
1.1143564356435645e-06,9.876182618261826e-06,8.765071507150715e-06,7.653960396039605e-06,6.542849284928493e-06,5.431738173817382e-06,4.32062706270627e-06,3.2095159515951595e-06,2.0984048404840483e-06,9.872937293729372e-07
1.1391089108910892e-06,9.873432343234324e-06,8.762321232123213e-06,7.651210121012102e-06,6.540099009900991e-06,5.428987898789879e-06,4.317876787678768e-06,3.206765676567657e-06,2.0956545654565456e-06,9.845434543454346e-07
1.163861386138614e-06,9.87068206820682e-06,8.75957095709571e-06,7.6484598459846e-06,6.5373487348734875e-06,5.426237623762377e-06,4.315126512651265e-06,3.204015401540154e-06,2.092904290429043e-06,9.81793179317932e-07
1.1886138613861387e-06,9.867931793179318e-06,8.756820682068207e-06,7.645709570957097e-06,6.534598459845986e-06,5.423487348734874e-06,4.312376237623762e-06,3.2012651265126515e-06,2.0901540154015403e-06,9.79042904290429e-07
1.2133663366336634e-06,9.865181518151816e-06,8.754070407040705e-06,7.642959295929594e-06,6.531848184818482e-06,5.420737073707371e-06,4.30962596259626e-06,3.198514851485149e-06,2.0874037403740376e-06,9.762926292629264e-07
1.2381188118811883e-06,9.862431243124313e-06,8.751320132013202e-06,7.640209020902091e-06,6.52909790979098e-06,5.417986798679869e-06,4.306875687568757e-06,3.195764576457646e-06,2.084653465346535e-06,9.735423542354237e-07
1.262871287128713e-06,9.85968096809681e-06,8.7485698569857e-06,7.637458745874589e-06,6.526347634763477e-06,5.415236523652365e-06,4.304125412541254e-06,3.1930143014301435e-06,2.081903190319032e-06,9.707920792079208e-07
1.2876237623762378e-06,9.856930693069307e-06,8.745819581958197e-06,7.634708470847086e-06,6.523597359735973e-06,5.412486248624863e-06,4.301375137513752e-06,3.190264026402641e-06,2.079152915291529e-06,9.680418041804181e-07
1.3123762376237625e-06,9.854180418041805e-06,8.743069306930694e-06,7.631958195819581e-06,6.5208470847084715e-06,5.40973597359736e-06,4.298624862486249e-06,3.1875137513751373e-06,2.0764026402640265e-06,9.652915291529155e-07
1.3371287128712874e-06,9.851430143014302e-06,8.740319031903191e-06,7.62920792079208e-06,6.518096809680968e-06,5.406985698569858e-06,4.295874587458746e-06,3.1847634763476347e-06,2.073652365236524e-06,9.625412541254126e-07
1.361881188118812e-06,9.8486798679868e-06,8.737568756875689e-06,7.626457645764577e-06,6.515346534653466e-06,5.4042354235423545e-06,4.293124312431244e-06,3.182013201320132e-06,2.070902090209021e-06,9.5979097909791e-07
1.386633663366337e-06,9.845929592959297e-06,8.734818481848186e-06,7.623707370737074e-06,6.512596259625963e-06,5.401485148514853e-06,4.290374037403741e-06,3.1792629262926293e-06,2.0681518151815185e-06,9.570407040704072e-07
1.4113861386138614e-06,9.843179317931794e-06,8.732068206820683e-06,7.620957095709572e-06,6.509845984598461e-06,5.398734873487349e-06,4.287623762376238e-06,3.1765126512651266e-06,2.065401540154016e-06,9.542904290429044e-07
1.4361386138613862e-06,9.840429042904291e-06,8.729317931793179e-06,7.618206820682069e-06,6.507095709570957e-06,5.395984598459847e-06,4.284873487348735e-06,3.173762376237624e-06,2.0626512651265127e-06,9.515401540154017e-07
1.460891089108911e-06,9.837678767876789e-06,8.726567656765678e-06,7.615456545654566e-06,6.5043454345434555e-06,5.393234323432344e-06,4.282123212321232e-06,3.1710121012101213e-06,2.05990099009901e-06,9.487898789878988e-07
1.4856435643564358e-06,9.834928492849286e-06,8.723817381738174e-06,7.612706270627064e-06,6.501595159515952e-06,5.39048404840484e-06,4.2793729372937295e-06,3.1682618261826186e-06,2.0571507150715074e-06,9.460396039603961e-07
1.5103960396039604e-06,9.832178217821783e-06,8.721067106710673e-06,7.609955995599561e-06,6.4988448844884484e-06,5.3877337733773385e-06,4.276622662266227e-06,3.165511551155116e-06,2.0544004400440047e-06,9.432893289328935e-07
1.5351485148514853e-06,9.82942794279428e-06,8.718316831683168e-06,7.6072057205720574e-06,6.496094609460947e-06,5.384983498349835e-06,4.273872387238724e-06,3.162761276127613e-06,2.051650165016502e-06,9.405390539053906e-07
1.55990099009901e-06,9.826677667766778e-06,8.715566556655666e-06,7.604455445544555e-06,6.493344334433443e-06,5.382233223322333e-06,4.2711221122112215e-06,3.16001100110011e-06,2.0488998899889994e-06,9.377887788778879e-07
1.5846534653465349e-06,9.823927392739274e-06,8.712816281628163e-06,7.601705170517052e-06,6.490594059405941e-06,5.37948294829483e-06,4.268371837183719e-06,3.1572607260726075e-06,2.0461496149614963e-06,9.35038503850385e-07
1.6094059405940595e-06,9.821177117711773e-06,8.71006600660066e-06,7.5989548954895494e-06,6.487843784378438e-06,5.376732673267328e-06,4.265621562156216e-06,3.154510451045105e-06,2.0433993399339936e-06,9.322882288228824e-07
1.6341584158415844e-06,9.818426842684268e-06,8.707315731573158e-06,7.596204620462047e-06,6.485093509350936e-06,5.373982398239824e-06,4.2628712871287134e-06,3.1517601760176018e-06,2.040649064906491e-06,9.295379537953796e-07
1.658910891089109e-06,9.815676567656767e-06,8.704565456545655e-06,7.593454345434544e-06,6.4823432343234324e-06,5.3712321232123224e-06,4.260121012101211e-06,3.149009900990099e-06,2.0378987898789883e-06,9.267876787678769e-07
1.683663366336634e-06,9.812926292629263e-06,8.701815181518152e-06,7.5907040704070414e-06,6.479592959295931e-06,5.368481848184819e-06,4.257370737073708e-06,3.1462596259625964e-06,2.035148514851485e-06,9.240374037403741e-07
1.7084158415841586e-06,9.810176017601762e-06,8.69906490649065e-06,7.587953795379539e-06,6.476842684268427e-06,5.365731573157315e-06,4.2546204620462054e-06,3.1435093509350938e-06,2.0323982398239825e-06,9.212871287128714e-07
1.7331683168316833e-06,9.807425742574258e-06,8.696314631463147e-06,7.585203520352036e-06,6.474092409240924e-06,5.362981298129814e-06,4.251870187018703e-06,3.140759075907591e-06,2.02964796479648e-06,9.185368536853687e-07
1.757920792079208e-06,9.804675467546757e-06,8.693564356435644e-06,7.5824532453245326e-06,6.471342134213422e-06,5.36023102310231e-06,4.249119911991199e-06,3.1380088008800884e-06,2.026897689768977e-06,9.157865786578658e-07
1.7826732673267328e-06,9.801925192519252e-06,8.690814081408142e-06,7.579702970297031e-06,6.468591859185919e-06,5.357480748074808e-06,4.246369636963697e-06,3.1352585258525853e-06,2.0241474147414745e-06,9.130363036303631e-07
1.8074257425742575e-06,9.79917491749175e-06,8.688063806380639e-06,7.576952695269527e-06,6.465841584158416e-06,5.354730473047305e-06,4.243619361936194e-06,3.1325082508250827e-06,2.0213971397139714e-06,9.102860286028603e-07
1.8321782178217823e-06,9.796424642464247e-06,8.685313531353136e-06,7.574202420242025e-06,6.463091309130914e-06,5.351980198019803e-06,4.240869086908691e-06,3.12975797579758e-06,2.0186468646864687e-06,9.075357535753576e-07
1.856930693069307e-06,9.793674367436744e-06,8.682563256325634e-06,7.571452145214522e-06,6.460341034103411e-06,5.349229922992299e-06,4.2381188118811886e-06,3.1270077007700773e-06,2.015896589658966e-06,9.047854785478549e-07
1.8816831683168319e-06,9.790924092409242e-06,8.679812981298131e-06,7.568701870187019e-06,6.4575907590759075e-06,5.3464796479647976e-06,4.235368536853686e-06,3.1242574257425746e-06,2.0131463146314634e-06,9.02035203520352e-07
1.9064356435643565e-06,9.788173817381739e-06,8.677062706270628e-06,7.5659515951595166e-06,6.454840484048406e-06,5.343729372937294e-06,4.232618261826183e-06,3.121507150715072e-06,2.0103960396039607e-06,8.992849284928494e-07
1.931188118811881e-06,9.785423542354236e-06,8.674312431243126e-06,7.563201320132014e-06,6.452090209020902e-06,5.340979097909792e-06,4.2298679867986806e-06,3.1187568756875693e-06,2.0076457645764576e-06,8.965346534653466e-07
1.955940594059406e-06,9.782673267326734e-06,8.671562156215623e-06,7.560451045104511e-06,6.4493399339934e-06,5.338228822882289e-06,4.227117711771178e-06,3.1160066006600666e-06,2.004895489548955e-06,8.937843784378439e-07
1.980693069306931e-06,9.779922992299231e-06,8.66881188118812e-06,7.5577007700770085e-06,6.446589658965897e-06,5.335478547854785e-06,4.224367436743675e-06,3.1132563256325635e-06,2.0021452145214523e-06,8.91034103410341e-07
2.005445544554456e-06,9.777172717271728e-06,8.666061606160618e-06,7.554950495049506e-06,6.443839383938394e-06,5.332728272827283e-06,4.2216171617161725e-06,3.1105060506050605e-06,1.9993949394939496e-06,8.882838283828384e-07
2.0301980198019803e-06,9.774422442244226e-06,8.663311331133115e-06,7.552200220022002e-06,6.4410891089108915e-06,5.32997799779978e-06,4.218866886688669e-06,3.1077557755775578e-06,1.9966446644664465e-06,8.855335533553357e-07
2.054950495049505e-06,9.771672167216723e-06,8.66056105610561e-06,7.5494499449945005e-06,6.438338833883389e-06,5.327227722772278e-06,4.216116611661166e-06,3.105005500550055e-06,1.993894389438944e-06,8.827832783278328e-07
2.0797029702970296e-06,9.768921892189219e-06,8.657810781078108e-06,7.546699669966997e-06,6.435588558855886e-06,5.3244774477447745e-06,4.213366336633664e-06,3.1022552255225524e-06,1.991144114411441e-06,8.800330033003302e-07
2.1044554455445545e-06,9.766171617161718e-06,8.655060506050605e-06,7.543949394939495e-06,6.4328382838283835e-06,5.321727172717273e-06,4.210616061606161e-06,3.0995049504950498e-06,1.9883938393839385e-06,8.772827282728273e-07
2.1292079207920794e-06,9.763421342134213e-06,8.652310231023103e-06,7.541199119911992e-06,6.430088008800881e-06,5.318976897689769e-06,4.207865786578658e-06,3.096754675467547e-06,1.985643564356436e-06,8.745324532453246e-07
2.1539603960396042e-06,9.760671067106712e-06,8.6495599559956e-06,7.53844884488449e-06,6.427337733773378e-06,5.316226622662267e-06,4.205115511551156e-06,3.0940044004400444e-06,1.9828932893289328e-06,8.717821782178218e-07
2.1787128712871287e-06,9.757920792079208e-06,8.646809680968097e-06,7.535698569856986e-06,6.4245874587458755e-06,5.313476347634764e-06,4.202365236523653e-06,3.0912541254125418e-06,1.98014301430143e-06,8.690319031903191e-07
2.2034653465346536e-06,9.755170517051707e-06,8.644059405940594e-06,7.532948294829484e-06,6.421837183718372e-06,5.31072607260726e-06,4.19961496149615e-06,3.088503850385039e-06,1.9773927392739274e-06,8.662816281628164e-07
2.2282178217821785e-06,9.752420242024203e-06,8.641309130913092e-06,7.530198019801981e-06,6.419086908690869e-06,5.3079757975797585e-06,4.196864686468648e-06,3.0857535753575364e-06,1.9746424642464248e-06,8.635313531353136e-07
2.2529702970297033e-06,9.749669966996702e-06,8.638558855885589e-06,7.5274477447744775e-06,6.416336633663367e-06,5.305225522552255e-06,4.194114411441145e-06,3.083003300330033e-06,1.971892189218922e-06,8.607810781078109e-07
2.2777227722772278e-06,9.746919691969197e-06,8.635808580858086e-06,7.524697469746976e-06,6.413586358635864e-06,5.302475247524753e-06,4.1913641364136415e-06,3.0802530253025302e-06,1.9691419141914194e-06,8.580308030803081e-07
2.3024752475247527e-06,9.744169416941695e-06,8.633058305830584e-06,7.521947194719472e-06,6.410836083608361e-06,5.29972497249725e-06,4.188613861386139e-06,3.0775027502750276e-06,1.9663916391639163e-06,8.552805280528054e-07
2.3272277227722775e-06,9.741419141914192e-06,8.630308030803081e-06,7.51919691969197e-06,6.408085808580859e-06,5.296974697469748e-06,4.185863586358636e-06,3.074752475247525e-06,1.9636413641364136e-06,8.525302530253025e-07
2.351980198019802e-06,9.73866886688669e-06,8.627557755775578e-06,7.516446644664467e-06,6.405335533553356e-06,5.294224422442244e-06,4.1831133113311335e-06,3.0720022002200222e-06,1.960891089108911e-06,8.497799779977998e-07
2.376732673267327e-06,9.735918591859187e-06,8.624807480748076e-06,7.513696369636965e-06,6.402585258525853e-06,5.2914741474147425e-06,4.180363036303631e-06,3.0692519251925196e-06,1.9581408140814083e-06,8.470297029702972e-07
2.4014851485148517e-06,9.733168316831684e-06,8.622057205720573e-06,7.5109460946094615e-06,6.399834983498351e-06,5.288723872387239e-06,4.177612761276128e-06,3.066501650165017e-06,1.9553905390539056e-06,8.442794279427943e-07
2.426237623762376e-06,9.730418041804181e-06,8.61930693069307e-06,7.50819581958196e-06,6.397084708470848e-06,5.285973597359736e-06,4.1748624862486255e-06,3.0637513751375142e-06,1.952640264026403e-06,8.415291529152916e-07
2.450990099009901e-06,9.727667766776679e-06,8.616556655665568e-06,7.505445544554456e-06,6.3943344334433444e-06,5.283223322332234e-06,4.172112211221123e-06,3.0610011001100115e-06,1.9498899889989e-06,8.387788778877888e-07
2.475742574257426e-06,9.724917491749176e-06,8.613806380638065e-06,7.502695269526953e-06,6.391584158415843e-06,5.280473047304731e-06,4.16936193619362e-06,3.0582508250825085e-06,1.947139713971397e-06,8.360286028602862e-07
2.500495049504951e-06,9.722167216721673e-06,8.61105610561056e-06,7.499944994499451e-06,6.388833883388339e-06,5.277722772277228e-06,4.166611661166117e-06,3.0555005500550054e-06,1.9443894389438945e-06,8.332783278327833e-07
2.5252475247524753e-06,9.719416941694169e-06,8.60830583058306e-06,7.497194719471947e-06,6.3860836083608364e-06,5.274972497249725e-06,4.163861386138614e-06,3.0527502750275027e-06,1.941639163916392e-06,8.305280528052806e-07
2.55e-06,9.716666666666668e-06,8.605555555555555e-06,7.4944444444444454e-06,6.383333333333334e-06,5.272222222222223e-06,4.161111111111111e-06,3.05e-06,1.938888888888889e-06,8.277777777777779e-07
2.574752475247525e-06,9.713916391639164e-06,8.602805280528054e-06,7.491694169416942e-06,6.380583058305831e-06,5.2694719471947194e-06,4.158360836083609e-06,3.0472497249724974e-06,1.9361386138613865e-06,8.250275027502751e-07
2.59950495049505e-06,9.711166116611663e-06,8.60005500550055e-06,7.48894389438944e-06,6.3778327832783284e-06,5.266721672167218e-06,4.155610561056106e-06,3.0444994499449947e-06,1.933388338833884e-06,8.222772277227724e-07
2.6242574257425748e-06,9.708415841584158e-06,8.597304730473049e-06,7.486193619361937e-06,6.375082508250826e-06,5.263971397139714e-06,4.152860286028603e-06,3.041749174917492e-06,1.9306380638063808e-06,8.195269526952695e-07
2.6490099009900992e-06,9.705665566556657e-06,8.594554455445545e-06,7.483443344334435e-06,6.372332233223323e-06,5.261221122112211e-06,4.150110011001101e-06,3.0389988998899893e-06,1.927887788778878e-06,8.167766776677668e-07
2.673762376237624e-06,9.702915291529153e-06,8.591804180418044e-06,7.480693069306931e-06,6.3695819581958196e-06,5.258470847084709e-06,4.147359735973598e-06,3.0362486248624867e-06,1.9251375137513754e-06,8.140264026402641e-07
2.698514851485149e-06,9.700165016501652e-06,8.58905390539054e-06,7.477942794279428e-06,6.366831683168318e-06,5.255720572057206e-06,4.144609460946095e-06,3.0334983498349836e-06,1.9223872387238728e-06,8.112761276127613e-07
2.723267326732674e-06,9.697414741474148e-06,8.586303630363037e-06,7.475192519251926e-06,6.364081408140814e-06,5.252970297029703e-06,4.141859185918592e-06,3.030748074807481e-06,1.91963696369637e-06,8.085258525852586e-07
2.7480198019801983e-06,9.694664466446645e-06,8.583553355335534e-06,7.472442244224422e-06,6.361331133113312e-06,5.250220022002201e-06,4.139108910891089e-06,3.0279977997799782e-06,1.916886688668867e-06,8.057755775577558e-07
2.772772277227723e-06,9.691914191419142e-06,8.580803080308031e-06,7.4696919691969206e-06,6.358580858085809e-06,5.247469746974698e-06,4.136358635863586e-06,3.0252475247524756e-06,1.9141364136413643e-06,8.030253025302532e-07
2.797524752475248e-06,9.68916391639164e-06,8.578052805280529e-06,7.466941694169417e-06,6.355830583058307e-06,5.244719471947195e-06,4.133608360836084e-06,3.022497249724973e-06,1.9113861386138616e-06,8.002750275027503e-07
2.822277227722772e-06,9.686413641364137e-06,8.575302530253026e-06,7.464191419141915e-06,6.3530803080308036e-06,5.241969196919693e-06,4.130858085808581e-06,3.0197469746974702e-06,1.908635863586359e-06,7.975247524752476e-07
2.847029702970297e-06,9.683663366336634e-06,8.572552255225523e-06,7.461441144114412e-06,6.350330033003302e-06,5.239218921892189e-06,4.128107810781078e-06,3.016996699669967e-06,1.9058855885588559e-06,7.947744774477447e-07
2.871782178217822e-06,9.680913091309132e-06,8.56980198019802e-06,7.45869086908691e-06,6.347579757975798e-06,5.2364686468646865e-06,4.125357535753576e-06,3.0142464246424645e-06,1.9031353135313532e-06,7.920242024202421e-07
2.8965346534653467e-06,9.678162816281629e-06,8.567051705170518e-06,7.455940594059406e-06,6.344829482948295e-06,5.233718371837184e-06,4.122607260726073e-06,3.011496149614962e-06,1.9003850385038505e-06,7.892739273927394e-07
2.921287128712871e-06,9.675412541254126e-06,8.564301430143015e-06,7.453190319031903e-06,6.342079207920793e-06,5.230968096809681e-06,4.11985698569857e-06,3.008745874587459e-06,1.8976347634763479e-06,7.865236523652365e-07
2.946039603960396e-06,9.672662266226624e-06,8.561551155115511e-06,7.450440044004401e-06,6.339328932893289e-06,5.2282178217821785e-06,4.117106710671068e-06,3.005995599559956e-06,1.8948844884488452e-06,7.837733773377339e-07
2.970792079207921e-06,9.669911991199121e-06,8.55880088008801e-06,7.4476897689768975e-06,6.3365786578657875e-06,5.225467546754676e-06,4.114356435643564e-06,3.0032453245324534e-06,1.8921342134213421e-06,7.810231023102311e-07
2.995544554455446e-06,9.667161716171618e-06,8.556050605060506e-06,7.444939493949396e-06,6.333828382838284e-06,5.222717271727173e-06,4.1116061606160615e-06,3.0004950495049507e-06,1.8893839383938394e-06,7.782728272827283e-07
3.0202970297029703e-06,9.664411441144116e-06,8.553300330033005e-06,7.442189218921892e-06,6.331078107810782e-06,5.2199669966996705e-06,4.108855885588559e-06,2.997744774477448e-06,1.8866336633663368e-06,7.755225522552255e-07
3.045049504950495e-06,9.661661166116613e-06,8.5505500550055e-06,7.43943894389439e-06,6.328327832783279e-06,5.217216721672168e-06,4.106105610561056e-06,2.9949944994499454e-06,1.883883388338834e-06,7.727722772277229e-07
3.06980198019802e-06,9.65891089108911e-06,8.547799779978e-06,7.436688668866887e-06,6.325577557755777e-06,5.214466446644665e-06,4.1033553355335535e-06,2.9922442244224427e-06,1.8811331133113314e-06,7.700220022002202e-07
3.094554455445545e-06,9.656160616061608e-06,8.545049504950495e-06,7.433938393839385e-06,6.322827282728273e-06,5.211716171617162e-06,4.100605060506051e-06,2.98949394939494e-06,1.8783828382838286e-06,7.672717271727173e-07
3.1193069306930698e-06,9.653410341034105e-06,8.542299229922994e-06,7.4311881188118815e-06,6.32007700770077e-06,5.20896589658966e-06,4.097854785478548e-06,2.9867436743674373e-06,1.8756325632563257e-06,7.645214521452146e-07
3.144059405940594e-06,9.650660066006602e-06,8.53954895489549e-06,7.42843784378438e-06,6.317326732673268e-06,5.206215621562156e-06,4.0951045104510455e-06,2.9839933993399347e-06,1.872882288228823e-06,7.617711771177118e-07
3.168811881188119e-06,9.647909790979098e-06,8.536798679867989e-06,7.425687568756876e-06,6.3145764576457645e-06,5.203465346534654e-06,4.092354235423543e-06,2.981243124312431e-06,1.8701320132013203e-06,7.590209020902091e-07
3.193564356435644e-06,9.645159515951597e-06,8.534048404840484e-06,7.4229372937293735e-06,6.311826182618263e-06,5.200715071507151e-06,4.089603960396039e-06,2.9784928492849285e-06,1.8673817381738174e-06,7.562706270627063e-07
3.218316831683169e-06,9.642409240924092e-06,8.531298129812982e-06,7.420187018701871e-06,6.309075907590759e-06,5.197964796479648e-06,4.086853685368537e-06,2.975742574257426e-06,1.8646314631463148e-06,7.535203520352035e-07
3.2430693069306933e-06,9.63965896589659e-06,8.528547854785479e-06,7.417436743674368e-06,6.306325632563257e-06,5.195214521452146e-06,4.084103410341034e-06,2.972992299229923e-06,1.8618811881188121e-06,7.507700770077009e-07
3.267821782178218e-06,9.636908690869087e-06,8.525797579757976e-06,7.4146864686468655e-06,6.303575357535754e-06,5.192464246424643e-06,4.081353135313531e-06,2.9702420242024205e-06,1.8591309130913092e-06,7.480198019801981e-07
3.292574257425743e-06,9.634158415841584e-06,8.523047304730474e-06,7.411936193619362e-06,6.300825082508252e-06,5.18971397139714e-06,4.078602860286029e-06,2.967491749174918e-06,1.8563806380638066e-06,7.452695269526953e-07
3.317326732673268e-06,9.631408140814082e-06,8.520297029702971e-06,7.40918591859186e-06,6.2980748074807485e-06,5.186963696369638e-06,4.075852585258526e-06,2.964741474147415e-06,1.8536303630363037e-06,7.425192519251925e-07
3.3420792079207924e-06,9.628657865786579e-06,8.517546754675468e-06,7.406435643564357e-06,6.295324532453247e-06,5.184213421342135e-06,4.073102310231023e-06,2.9619911991199125e-06,1.850880088008801e-06,7.397689768976899e-07
3.3668316831683172e-06,9.625907590759076e-06,8.514796479647966e-06,7.403685368536855e-06,6.292574257425743e-06,5.1814631463146314e-06,4.070352035203521e-06,2.95924092409241e-06,1.8481298129812983e-06,7.370187018701872e-07
3.391584158415842e-06,9.623157315731574e-06,8.512046204620463e-06,7.400935093509351e-06,6.28982398239824e-06,5.17871287128713e-06,4.067601760176018e-06,2.9564906490649063e-06,1.8453795379537957e-06,7.342684268426843e-07
3.416336633663367e-06,9.620407040704071e-06,8.50929592959296e-06,7.398184818481849e-06,6.287073707370738e-06,5.175962596259626e-06,4.064851485148515e-06,2.9537403740374036e-06,1.842629262926293e-06,7.315181518151816e-07
3.441089108910891e-06,9.617656765676568e-06,8.506545654565458e-06,7.395434543454346e-06,6.284323432343234e-06,5.173212321232124e-06,4.062101210121013e-06,2.950990099009901e-06,1.83987898789879e-06,7.287678767876788e-07
3.465841584158416e-06,9.614906490649066e-06,8.503795379537955e-06,7.392684268426843e-06,6.2815731573157324e-06,5.170462046204621e-06,4.05935093509351e-06,2.9482398239823983e-06,1.8371287128712872e-06,7.260176017601761e-07
3.4905940594059408e-06,9.612156215621563e-06,8.50104510451045e-06,7.389933993399341e-06,6.278822882288229e-06,5.167711771177119e-06,4.0566006600660064e-06,2.9454895489548956e-06,1.8343784378437846e-06,7.232673267326733e-07
3.5153465346534652e-06,9.60940594059406e-06,8.49829482948295e-06,7.387183718371838e-06,6.276072607260727e-06,5.1649614961496154e-06,4.053850385038504e-06,2.942739273927393e-06,1.8316281628162819e-06,7.205170517051705e-07
3.54009900990099e-06,9.606655665566558e-06,8.495544554455445e-06,7.384433443344335e-06,6.273322332233224e-06,5.162211221122113e-06,4.051100110011001e-06,2.9399889988998903e-06,1.8288778877887788e-06,7.177667766776679e-07
3.564851485148515e-06,9.603905390539055e-06,8.492794279427944e-06,7.381683168316833e-06,6.270572057205722e-06,5.15946094609461e-06,4.048349834983498e-06,2.9372387238723876e-06,1.8261276127612761e-06,7.150165016501651e-07
3.58960396039604e-06,9.601155115511552e-06,8.49004400440044e-06,7.37893289328933e-06,6.267821782178218e-06,5.1567106710671066e-06,4.045599559955996e-06,2.934488448844885e-06,1.8233773377337735e-06,7.122662266226624e-07
3.6143564356435647e-06,9.59840484048405e-06,8.487293729372939e-06,7.376182618261826e-06,6.265071507150715e-06,5.153960396039605e-06,4.042849284928493e-06,2.9317381738173823e-06,1.8206270627062708e-06,7.095159515951595e-07
3.639108910891089e-06,9.595654565456547e-06,8.484543454345435e-06,7.373432343234324e-06,6.262321232123213e-06,5.151210121012101e-06,4.04009900990099e-06,2.928987898789879e-06,1.8178767876787681e-06,7.067656765676569e-07
3.663861386138614e-06,9.592904290429044e-06,8.481793179317932e-06,7.370682068206821e-06,6.259570957095709e-06,5.148459845984599e-06,4.037348734873488e-06,2.9262376237623765e-06,1.8151265126512652e-06,7.04015401540154e-07
3.688613861386139e-06,9.59015401540154e-06,8.47904290429043e-06,7.367931793179318e-06,6.2568206820682076e-06,5.145709570957096e-06,4.034598459845985e-06,2.923487348734874e-06,1.8123762376237626e-06,7.012651265126513e-07
3.713366336633664e-06,9.587403740374039e-06,8.476292629262927e-06,7.365181518151816e-06,6.254070407040704e-06,5.142959295929594e-06,4.031848184818482e-06,2.9207370737073707e-06,1.8096259625962597e-06,6.985148514851486e-07
3.7381188118811883e-06,9.584653465346535e-06,8.473542354235424e-06,7.362431243124313e-06,6.251320132013202e-06,5.1402090209020906e-06,4.02909790979098e-06,2.917986798679868e-06,1.806875687568757e-06,6.957645764576458e-07
3.762871287128713e-06,9.581903190319034e-06,8.470792079207921e-06,7.35968096809681e-06,6.248569856985699e-06,5.137458745874589e-06,4.026347634763477e-06,2.9152365236523654e-06,1.8041254125412543e-06,6.930143014301431e-07
3.787623762376238e-06,9.57915291529153e-06,8.468041804180419e-06,7.356930693069308e-06,6.245819581958197e-06,5.134708470847085e-06,4.023597359735974e-06,2.9124862486248627e-06,1.8013751375137515e-06,6.902640264026403e-07
3.812376237623763e-06,9.576402640264028e-06,8.465291529152916e-06,7.354180418041805e-06,6.243069306930693e-06,5.131958195819582e-06,4.020847084708471e-06,2.90973597359736e-06,1.7986248624862488e-06,6.875137513751375e-07
3.837128712871288e-06,9.573652365236524e-06,8.462541254125413e-06,7.351430143014302e-06,6.240319031903191e-06,5.12920792079208e-06,4.018096809680968e-06,2.9069856985698574e-06,1.7958745874587461e-06,6.847634763476348e-07
3.861881188118813e-06,9.570902090209021e-06,8.45979097909791e-06,7.348679867986799e-06,6.237568756875688e-06,5.126457645764576e-06,4.0153465346534655e-06,2.9042354235423543e-06,1.7931243124312435e-06,6.820132013201321e-07
3.886633663366337e-06,9.568151815181519e-06,8.457040704070408e-06,7.345929592959297e-06,6.234818481848185e-06,5.1237073707370745e-06,4.012596259625963e-06,2.9014851485148516e-06,1.7903740374037404e-06,6.792629262926294e-07
3.9113861386138616e-06,9.565401540154016e-06,8.454290429042905e-06,7.3431793179317935e-06,6.232068206820683e-06,5.120957095709571e-06,4.00984598459846e-06,2.898734873487349e-06,1.7876237623762377e-06,6.765126512651265e-07
3.9361386138613864e-06,9.562651265126513e-06,8.451540154015403e-06,7.340429042904291e-06,6.229317931793179e-06,5.118206820682069e-06,4.0070957095709575e-06,2.8959845984598463e-06,1.784873487348735e-06,6.737623762376239e-07
3.960891089108911e-06,9.55990099009901e-06,8.4487898789879e-06,7.337678767876788e-06,6.226567656765677e-06,5.115456545654566e-06,4.004345434543455e-06,2.8932343234323436e-06,1.7821232123212324e-06,6.71012101210121e-07
3.985643564356436e-06,9.557150715071508e-06,8.446039603960397e-06,7.3349284928492855e-06,6.223817381738174e-06,5.112706270627064e-06,4.001595159515952e-06,2.890484048404841e-06,1.7793729372937297e-06,6.682618261826183e-07
4.010396039603961e-06,9.554400440044005e-06,8.443289328932895e-06,7.332178217821783e-06,6.221067106710672e-06,5.10995599559956e-06,3.9988448844884495e-06,2.8877337733773383e-06,1.7766226622662266e-06,6.655115511551156e-07
4.035148514851486e-06,9.551650165016503e-06,8.440539053905392e-06,7.32942794279428e-06,6.2183168316831685e-06,5.107205720572057e-06,3.996094609460947e-06,2.884983498349835e-06,1.773872387238724e-06,6.627612761276128e-07
4.059900990099011e-06,9.548899889989e-06,8.43778877887789e-06,7.3266776677667775e-06,6.215566556655666e-06,5.104455445544555e-06,3.993344334433444e-06,2.8822332233223325e-06,1.7711221122112212e-06,6.600110011001101e-07
4.084653465346535e-06,9.546149614961497e-06,8.435038503850386e-06,7.323927392739274e-06,6.212816281628163e-06,5.1017051705170515e-06,3.9905940594059415e-06,2.87948294829483e-06,1.7683718371837186e-06,6.572607260726073e-07
4.10940594059406e-06,9.543399339933995e-06,8.432288228822882e-06,7.321177117711772e-06,6.2100660066006605e-06,5.09895489548955e-06,3.987843784378439e-06,2.8767326732673267e-06,1.765621562156216e-06,6.545104510451046e-07
4.134158415841585e-06,9.54064906490649e-06,8.429537953795381e-06,7.318426842684269e-06,6.207315731573158e-06,5.096204620462046e-06,3.985093509350935e-06,2.873982398239824e-06,1.7628712871287128e-06,6.517601760176018e-07
4.1589108910891095e-06,9.53789878987899e-06,8.426787678767877e-06,7.315676567656767e-06,6.204565456545655e-06,5.093454345434544e-06,3.982343234323433e-06,2.8712321232123214e-06,1.7601210121012101e-06,6.490099009900991e-07
4.1836633663366335e-06,9.535148514851485e-06,8.424037403740374e-06,7.312926292629263e-06,6.2018151815181525e-06,5.090704070407041e-06,3.97959295929593e-06,2.8684818481848187e-06,1.7573707370737075e-06,6.462596259625962e-07
4.208415841584158e-06,9.532398239823984e-06,8.421287128712871e-06,7.3101760176017615e-06,6.19906490649065e-06,5.087953795379539e-06,3.976842684268427e-06,2.865731573157316e-06,1.7546204620462048e-06,6.435093509350936e-07
4.233168316831683e-06,9.52964796479648e-06,8.418536853685369e-06,7.307425742574258e-06,6.196314631463147e-06,5.0852035203520355e-06,3.974092409240925e-06,2.8629812981298134e-06,1.7518701870187021e-06,6.407590759075909e-07
4.257920792079208e-06,9.526897689768979e-06,8.415786578657866e-06,7.304675467546756e-06,6.193564356435644e-06,5.082453245324532e-06,3.971342134213422e-06,2.8602310231023107e-06,1.7491199119911993e-06,6.38008800880088e-07
4.282673267326733e-06,9.524147414741474e-06,8.413036303630363e-06,7.301925192519253e-06,6.190814081408141e-06,5.07970297029703e-06,3.968591859185919e-06,2.857480748074808e-06,1.7463696369636966e-06,6.352585258525853e-07
4.307425742574258e-06,9.521397139713973e-06,8.41028602860286e-06,7.299174917491749e-06,6.188063806380638e-06,5.076952695269527e-06,3.965841584158417e-06,2.8547304730473054e-06,1.7436193619361937e-06,6.325082508250826e-07
4.332178217821783e-06,9.518646864686469e-06,8.407535753575358e-06,7.296424642464247e-06,6.185313531353136e-06,5.074202420242025e-06,3.963091309130914e-06,2.851980198019802e-06,1.740869086908691e-06,6.297579757975798e-07
4.356930693069308e-06,9.515896589658966e-06,8.404785478547855e-06,7.293674367436744e-06,6.182563256325633e-06,5.071452145214521e-06,3.9603410341034104e-06,2.849229922992299e-06,1.7381188118811882e-06,6.27007700770077e-07
4.381683168316832e-06,9.513146314631464e-06,8.402035203520353e-06,7.290924092409242e-06,6.17981298129813e-06,5.0687018701870194e-06,3.957590759075908e-06,2.8464796479647965e-06,1.7353685368536855e-06,6.242574257425743e-07
4.4064356435643565e-06,9.510396039603961e-06,8.39928492849285e-06,7.288173817381738e-06,6.177062706270628e-06,5.065951595159516e-06,3.954840484048405e-06,2.843729372937294e-06,1.7326182618261828e-06,6.215071507150716e-07
4.431188118811881e-06,9.507645764576458e-06,8.396534653465347e-06,7.285423542354237e-06,6.174312431243125e-06,5.063201320132014e-06,3.9520902090209024e-06,2.840979097909791e-06,1.7298679867986801e-06,6.187568756875688e-07
4.455940594059406e-06,9.504895489548956e-06,8.393784378437845e-06,7.282673267326733e-06,6.171562156215622e-06,5.060451045104511e-06,3.9493399339934e-06,2.8382288228822885e-06,1.7271177117711775e-06,6.16006600660066e-07
4.480693069306931e-06,9.502145214521453e-06,8.391034103410342e-06,7.279922992299231e-06,6.16881188118812e-06,5.057700770077009e-06,3.946589658965897e-06,2.835478547854786e-06,1.7243674367436744e-06,6.132563256325633e-07
4.505445544554456e-06,9.49939493949395e-06,8.38828382838284e-06,7.277172717271728e-06,6.166061606160617e-06,5.054950495049505e-06,3.943839383938394e-06,2.832728272827283e-06,1.7216171617161717e-06,6.105060506050606e-07
4.530198019801981e-06,9.496644664466448e-06,8.385533553355337e-06,7.274422442244226e-06,6.163311331133114e-06,5.0522002200220026e-06,3.941089108910892e-06,2.8299779977997805e-06,1.718866886688669e-06,6.077557755775578e-07
4.554950495049506e-06,9.493894389438945e-06,8.382783278327834e-06,7.271672167216722e-06,6.160561056105611e-06,5.0494499449945e-06,3.938338833883389e-06,2.827227722772277e-06,1.7161166116611664e-06,6.05005500550055e-07
4.579702970297031e-06,9.491144114411442e-06,8.380033003300331e-06,7.268921892189219e-06,6.157810781078108e-06,5.046699669966996e-06,3.9355885588558856e-06,2.8244774477447743e-06,1.7133663366336637e-06,6.022552255225523e-07
4.604455445544555e-06,9.48839383938394e-06,8.377282728272827e-06,7.266171617161717e-06,6.155060506050605e-06,5.0439493949394946e-06,3.932838283828383e-06,2.8217271727172716e-06,1.7106160616061606e-06,5.995049504950496e-07
4.62920792079208e-06,9.485643564356435e-06,8.374532453245326e-06,7.2634213421342135e-06,6.152310231023103e-06,5.041199119911991e-06,3.93008800880088e-06,2.818976897689769e-06,1.707865786578658e-06,5.967546754675468e-07
4.6539603960396045e-06,9.482893289328934e-06,8.371782178217822e-06,7.260671067106712e-06,6.1495599559956e-06,5.038448844884489e-06,3.9273377337733776e-06,2.8162266226622663e-06,1.7051155115511553e-06,5.940044004400441e-07
4.678712871287129e-06,9.48014301430143e-06,8.36903190319032e-06,7.257920792079208e-06,6.146809680968097e-06,5.035698569856986e-06,3.924587458745875e-06,2.8134763476347636e-06,1.7023652365236526e-06,5.912541254125413e-07
4.703465346534653e-06,9.477392739273929e-06,8.366281628162816e-06,7.255170517051706e-06,6.144059405940595e-06,5.032948294829484e-06,3.921837183718372e-06,2.810726072607261e-06,1.6996149614961497e-06,5.885038503850386e-07
4.728217821782178e-06,9.474642464246425e-06,8.363531353135315e-06,7.252420242024203e-06,6.141309130913092e-06,5.03019801980198e-06,3.9190869086908695e-06,2.8079757975797583e-06,1.6968646864686468e-06,5.857535753575358e-07
4.752970297029703e-06,9.471892189218924e-06,8.360781078107811e-06,7.249669966996701e-06,6.138558855885589e-06,5.027447744774478e-06,3.916336633663367e-06,2.8052255225522556e-06,1.6941144114411442e-06,5.83003300330033e-07
4.777722772277228e-06,9.46914191419142e-06,8.35803080308031e-06,7.2469196919691975e-06,6.135808580858086e-06,5.024697469746975e-06,3.913586358635864e-06,2.802475247524753e-06,1.6913641364136415e-06,5.802530253025302e-07
4.802475247524753e-06,9.466391639163918e-06,8.355280528052806e-06,7.244169416941694e-06,6.133058305830584e-06,5.021947194719472e-06,3.9108360836083615e-06,2.79972497249725e-06,1.6886138613861388e-06,5.775027502750275e-07
4.827227722772278e-06,9.463641364136414e-06,8.352530253025303e-06,7.241419141914192e-06,6.1303080308030805e-06,5.01919691969197e-06,3.908085808580858e-06,2.796974697469747e-06,1.685863586358636e-06,5.747524752475248e-07
4.851980198019803e-06,9.460891089108911e-06,8.3497799779978e-06,7.238668866886689e-06,6.127557755775579e-06,5.016446644664467e-06,3.905335533553355e-06,2.7942244224422445e-06,1.6831133113311333e-06,5.72002200220022e-07
4.876732673267327e-06,9.458140814081408e-06,8.347029702970298e-06,7.235918591859187e-06,6.124807480748075e-06,5.013696369636964e-06,3.902585258525853e-06,2.791474147414742e-06,1.6803630363036306e-06,5.692519251925194e-07
4.9014851485148515e-06,9.455390539053906e-06,8.344279427942795e-06,7.233168316831683e-06,6.122057205720573e-06,5.010946094609461e-06,3.89983498349835e-06,2.7887238723872388e-06,1.6776127612761277e-06,5.665016501650166e-07
4.926237623762376e-06,9.452640264026403e-06,8.341529152915292e-06,7.2304180418041815e-06,6.11930693069307e-06,5.008195819581959e-06,3.897084708470847e-06,2.785973597359736e-06,1.674862486248625e-06,5.637513751375138e-07
4.950990099009901e-06,9.4498899889989e-06,8.33877887788779e-06,7.227667766776678e-06,6.116556655665567e-06,5.0054455445544555e-06,3.894334433443345e-06,2.7832233223322334e-06,1.6721122112211222e-06,5.61001100110011e-07
4.975742574257426e-06,9.447139713971398e-06,8.336028602860287e-06,7.224917491749176e-06,6.1138063806380645e-06,5.002695269526953e-06,3.891584158415842e-06,2.7804730473047307e-06,1.6693619361936195e-06,5.582508250825084e-07
5.000495049504951e-06,9.444389438943895e-06,8.333278327832784e-06,7.222167216721673e-06,6.111056105610561e-06,4.99994499449945e-06,3.888833883388339e-06,2.777722772277228e-06,1.6666116611661168e-06,5.555005500550056e-07
5.025247524752476e-06,9.441639163916392e-06,8.330528052805282e-06,7.219416941694169e-06,6.108305830583059e-06,4.9971947194719475e-06,3.886083608360837e-06,2.774972497249725e-06,1.6638613861386142e-06,5.527502750275028e-07
5.050000000000001e-06,9.43888888888889e-06,8.327777777777777e-06,7.216666666666667e-06,6.105555555555556e-06,4.994444444444445e-06,3.883333333333333e-06,2.7722222222222223e-06,1.661111111111111e-06,5.5e-07
5.074752475247526e-06,9.436138613861387e-06,8.325027502750276e-06,7.213916391639164e-06,6.102805280528054e-06,4.991694169416942e-06,3.8805830583058305e-06,2.7694719471947196e-06,1.6583608360836084e-06,5.472497249724973e-07
5.09950495049505e-06,9.433388338833884e-06,8.322277227722772e-06,7.211166116611662e-06,6.10005500550055e-06,4.9889438943894395e-06,3.877832783278328e-06,2.766721672167217e-06,1.6556105610561057e-06,5.444994499449945e-07
5.1242574257425746e-06,9.430638063806382e-06,8.319526952695271e-06,7.2084158415841585e-06,6.0973047304730485e-06,4.986193619361937e-06,3.875082508250825e-06,2.7639713971397143e-06,1.652860286028603e-06,5.417491749174918e-07
5.1490099009900994e-06,9.427887788778879e-06,8.316776677667767e-06,7.205665566556657e-06,6.094554455445545e-06,4.983443344334434e-06,3.8723322332233225e-06,2.7612211221122116e-06,1.6501100110011004e-06,5.38998899889989e-07
5.173762376237624e-06,9.425137513751376e-06,8.314026402640266e-06,7.202915291529153e-06,6.091804180418043e-06,4.9806930693069315e-06,3.86958195819582e-06,2.758470847084709e-06,1.6473597359735973e-06,5.362486248624864e-07
5.198514851485149e-06,9.422387238723874e-06,8.311276127612761e-06,7.200165016501651e-06,6.08905390539054e-06,4.977942794279429e-06,3.866831683168317e-06,2.7557205720572063e-06,1.6446094609460946e-06,5.334983498349836e-07
5.223267326732674e-06,9.41963696369637e-06,8.30852585258526e-06,7.197414741474148e-06,6.086303630363036e-06,4.975192519251926e-06,3.8640814081408145e-06,2.7529702970297036e-06,1.641859185918592e-06,5.307480748074808e-07
5.248019801980199e-06,9.416886688668868e-06,8.305775577557756e-06,7.194664466446645e-06,6.083553355335534e-06,4.972442244224423e-06,3.861331133113312e-06,2.7502200220022e-06,1.6391089108910893e-06,5.27997799779978e-07
5.272772277227724e-06,9.414136413641364e-06,8.303025302530253e-06,7.1919141914191424e-06,6.080803080308031e-06,4.96969196919692e-06,3.858580858085808e-06,2.7474697469746974e-06,1.6363586358635866e-06,5.252475247524753e-07
5.297524752475248e-06,9.411386138613861e-06,8.30027502750275e-06,7.18916391639164e-06,6.078052805280529e-06,4.966941694169417e-06,3.855830583058306e-06,2.7447194719471948e-06,1.6336083608360837e-06,5.224972497249725e-07
5.322277227722773e-06,9.408635863586359e-06,8.297524752475248e-06,7.186413641364137e-06,6.075302530253025e-06,4.964191419141915e-06,3.853080308030803e-06,2.741969196919692e-06,1.630858085808581e-06,5.197469746974698e-07
5.347029702970298e-06,9.405885588558856e-06,8.294774477447745e-06,7.183663366336634e-06,6.072552255225524e-06,4.961441144114412e-06,3.8503300330033e-06,2.7392189218921894e-06,1.6281078107810782e-06,5.16996699669967e-07
5.3717821782178225e-06,9.403135313531353e-06,8.292024202420243e-06,7.180913091309132e-06,6.06980198019802e-06,4.958690869086909e-06,3.847579757975798e-06,2.7364686468646868e-06,1.6253575357535755e-06,5.142464246424643e-07
5.396534653465347e-06,9.40038503850385e-06,8.28927392739274e-06,7.178162816281628e-06,6.067051705170518e-06,4.955940594059407e-06,3.844829482948295e-06,2.733718371837184e-06,1.6226072607260726e-06,5.114961496149615e-07
5.421287128712872e-06,9.397634763476348e-06,8.286523652365237e-06,7.175412541254126e-06,6.064301430143015e-06,4.953190319031904e-06,3.842079207920792e-06,2.7309680968096814e-06,1.61985698569857e-06,5.087458745874588e-07
5.446039603960397e-06,9.394884488448845e-06,8.283773377337735e-06,7.172662266226623e-06,6.061551155115511e-06,4.950440044004401e-06,3.8393289328932896e-06,2.7282178217821787e-06,1.6171067106710673e-06,5.05995599559956e-07
5.470792079207922e-06,9.392134213421343e-06,8.281023102310232e-06,7.16991199119912e-06,6.058800880088009e-06,4.947689768976899e-06,3.836578657865787e-06,2.725467546754676e-06,1.6143564356435646e-06,5.032453245324533e-07
5.495544554455447e-06,9.38938393839384e-06,8.27827282728273e-06,7.1671617161716176e-06,6.056050605060506e-06,4.944939493949396e-06,3.833828382838284e-06,2.7227172717271726e-06,1.611606160616062e-06,5.004950495049506e-07
5.520297029702971e-06,9.386633663366337e-06,8.275522552255227e-06,7.164411441144115e-06,6.053300330033004e-06,4.942189218921893e-06,3.8310781078107816e-06,2.71996699669967e-06,1.6088558855885589e-06,4.977447744774478e-07
5.545049504950496e-06,9.383883388338835e-06,8.272772277227722e-06,7.161661166116612e-06,6.0505500550055005e-06,4.93943894389439e-06,3.828327832783278e-06,2.7172167216721672e-06,1.6061056105610562e-06,4.94994499449945e-07
5.569801980198021e-06,9.381133113311332e-06,8.270022002200221e-06,7.1589108910891095e-06,6.047799779977999e-06,4.936688668866887e-06,3.825577557755775e-06,2.7144664466446646e-06,1.6033553355335535e-06,4.922442244224423e-07
5.5945544554455455e-06,9.37838283828383e-06,8.267271727172717e-06,7.156160616061607e-06,6.045049504950495e-06,4.933938393839384e-06,3.822827282728273e-06,2.711716171617162e-06,1.6006050605060508e-06,4.894939493949395e-07
5.61930693069307e-06,9.375632563256327e-06,8.264521452145216e-06,7.153410341034104e-06,6.042299229922993e-06,4.931188118811882e-06,3.82007700770077e-06,2.7089658965896592e-06,1.5978547854785482e-06,4.867436743674367e-07
5.6440594059405936e-06,9.372882288228824e-06,8.261771177117712e-06,7.1506600660066015e-06,6.03954895489549e-06,4.928437843784379e-06,3.817326732673267e-06,2.7062156215621565e-06,1.595104510451045e-06,4.83993399339934e-07
5.6688118811881184e-06,9.370132013201321e-06,8.25902090209021e-06,7.147909790979098e-06,6.036798679867988e-06,4.925687568756876e-06,3.814576457645765e-06,2.703465346534654e-06,1.5923542354235424e-06,4.812431243124313e-07
5.693564356435643e-06,9.367381738173819e-06,8.256270627062706e-06,7.145159515951596e-06,6.0340484048404845e-06,4.922937293729374e-06,3.8118261826182625e-06,2.700715071507151e-06,1.5896039603960397e-06,4.784928492849286e-07
5.718316831683168e-06,9.364631463146316e-06,8.253520352035205e-06,7.142409240924093e-06,6.031298129812981e-06,4.920187018701871e-06,3.8090759075907598e-06,2.697964796479648e-06,1.586853685368537e-06,4.7574257425742577e-07
5.743069306930693e-06,9.361881188118813e-06,8.2507700770077e-06,7.13965896589659e-06,6.028547854785479e-06,4.917436743674368e-06,3.8063256325632563e-06,2.6952145214521454e-06,1.5841034103410342e-06,4.7299229922992305e-07
5.767821782178218e-06,9.35913091309131e-06,8.248019801980198e-06,7.136908690869087e-06,6.025797579757976e-06,4.914686468646865e-06,3.8035753575357536e-06,2.6924642464246423e-06,1.5813531353135313e-06,4.7024202420242027e-07
5.792574257425743e-06,9.356380638063806e-06,8.245269526952695e-06,7.134158415841585e-06,6.023047304730474e-06,4.911936193619362e-06,3.800825082508251e-06,2.6897139713971397e-06,1.5786028602860286e-06,4.674917491749175e-07
5.817326732673268e-06,9.353630363036305e-06,8.242519251925193e-06,7.131408140814082e-06,6.02029702970297e-06,4.9091859185918595e-06,3.7980748074807483e-06,2.686963696369637e-06,1.575852585258526e-06,4.647414741474147e-07
5.842079207920793e-06,9.350880088008801e-06,8.23976897689769e-06,7.128657865786579e-06,6.0175467546754685e-06,4.906435643564357e-06,3.7953245324532456e-06,2.6842134213421343e-06,1.5731023102310233e-06,4.6199119911991205e-07
5.866831683168317e-06,9.3481298129813e-06,8.237018701870187e-06,7.125907590759077e-06,6.014796479647965e-06,4.903685368536854e-06,3.792574257425743e-06,2.6814631463146317e-06,1.5703520352035204e-06,4.592409240924093e-07
5.8915841584158415e-06,9.345379537953796e-06,8.234268426842685e-06,7.123157315731574e-06,6.012046204620463e-06,4.9009350935093515e-06,3.7898239823982402e-06,2.678712871287129e-06,1.5676017601760177e-06,4.5649064906490655e-07
5.916336633663366e-06,9.342629262926293e-06,8.231518151815182e-06,7.120407040704071e-06,6.00929592959296e-06,4.898184818481849e-06,3.7870737073707376e-06,2.6759625962596263e-06,1.564851485148515e-06,4.537403740374038e-07
5.941089108910891e-06,9.33987898789879e-06,8.22876787678768e-06,7.117656765676569e-06,6.006545654565457e-06,4.895434543454346e-06,3.784323432343235e-06,2.6732123212321237e-06,1.5621012101210122e-06,4.50990099009901e-07
5.965841584158416e-06,9.337128712871288e-06,8.226017601760177e-06,7.114906490649065e-06,6.003795379537954e-06,4.8926842684268435e-06,3.7815731573157322e-06,2.6704620462046206e-06,1.5593509350935095e-06,4.482398239823982e-07
5.990594059405941e-06,9.334378437843785e-06,8.223267326732674e-06,7.1121562156215625e-06,6.001045104510451e-06,4.889933993399341e-06,3.7788228822882287e-06,2.667711771177118e-06,1.5566006600660066e-06,4.4548954895489555e-07
6.015346534653466e-06,9.331628162816282e-06,8.220517051705171e-06,7.10940594059406e-06,5.998294829482949e-06,4.887183718371837e-06,3.776072607260726e-06,2.6649614961496152e-06,1.553850385038504e-06,4.427392739273928e-07
6.040099009900991e-06,9.32887788778878e-06,8.217766776677669e-06,7.106655665566557e-06,5.9955445544554455e-06,4.884433443344335e-06,3.7733223322332234e-06,2.6622112211221126e-06,1.5511001100110013e-06,4.3998899889989006e-07
6.064851485148515e-06,9.326127612761277e-06,8.215016501650166e-06,7.1039053905390545e-06,5.992794279427944e-06,4.881683168316832e-06,3.7705720572057207e-06,2.65946094609461e-06,1.5483498349834986e-06,4.372387238723873e-07
6.08960396039604e-06,9.323377337733774e-06,8.212266226622663e-06,7.101155115511552e-06,5.99004400440044e-06,4.878932893289329e-06,3.767821782178218e-06,2.6567106710671072e-06,1.5455995599559955e-06,4.344884488448845e-07
6.1143564356435645e-06,9.320627062706272e-06,8.20951595159516e-06,7.098404840484049e-06,5.987293729372938e-06,4.876182618261827e-06,3.7650715071507154e-06,2.653960396039604e-06,1.5428492849284929e-06,4.317381738173818e-07
6.139108910891089e-06,9.317876787678769e-06,8.206765676567658e-06,7.0956545654565464e-06,5.984543454345435e-06,4.873432343234324e-06,3.7623212321232127e-06,2.6512101210121015e-06,1.5400990099009902e-06,4.28987898789879e-07
6.163861386138614e-06,9.315126512651266e-06,8.204015401540155e-06,7.092904290429044e-06,5.981793179317932e-06,4.870682068206821e-06,3.75957095709571e-06,2.6484598459845988e-06,1.5373487348734875e-06,4.262376237623763e-07
6.188613861386139e-06,9.312376237623764e-06,8.201265126512653e-06,7.09015401540154e-06,5.9790429042904294e-06,4.867931793179319e-06,3.7568206820682074e-06,2.6457095709570957e-06,1.5345984598459849e-06,4.2348734873487356e-07
6.213366336633664e-06,9.309625962596261e-06,8.198514851485148e-06,7.0874037403740384e-06,5.976292629262927e-06,4.865181518151816e-06,3.7540704070407043e-06,2.642959295929593e-06,1.5318481848184818e-06,4.207370737073708e-07
6.238118811881189e-06,9.306875687568757e-06,8.195764576457646e-06,7.084653465346535e-06,5.973542354235424e-06,4.862431243124312e-06,3.7513201320132016e-06,2.6402090209020903e-06,1.529097909790979e-06,4.17986798679868e-07
6.262871287128714e-06,9.304125412541256e-06,8.193014301430143e-06,7.081903190319033e-06,5.9707920792079214e-06,4.85968096809681e-06,3.748569856985699e-06,2.6374587458745877e-06,1.5263476347634764e-06,4.152365236523653e-07
6.287623762376238e-06,9.301375137513751e-06,8.19026402640264e-06,7.07915291529153e-06,5.968041804180419e-06,4.856930693069307e-06,3.7458195819581963e-06,2.634708470847085e-06,1.5235973597359738e-06,4.124862486248625e-07
6.312376237623763e-06,9.29862486248625e-06,8.187513751375138e-06,7.076402640264028e-06,5.965291529152915e-06,4.854180418041804e-06,3.743069306930693e-06,2.6319581958195823e-06,1.520847084708471e-06,4.0973597359735973e-07
6.3371287128712876e-06,9.295874587458746e-06,8.184763476347635e-06,7.073652365236524e-06,5.962541254125413e-06,4.851430143014302e-06,3.7403190319031905e-06,2.6292079207920797e-06,1.5180968096809682e-06,4.0698569856985706e-07
6.3618811881188124e-06,9.293124312431245e-06,8.182013201320132e-06,7.0709020902090216e-06,5.95979097909791e-06,4.848679867986799e-06,3.737568756875688e-06,2.626457645764577e-06,1.5153465346534653e-06,4.042354235423543e-07
6.386633663366337e-06,9.29037403740374e-06,8.17926292629263e-06,7.068151815181519e-06,5.957040704070407e-06,4.845929592959296e-06,3.734818481848185e-06,2.6237073707370743e-06,1.5125962596259627e-06,4.014851485148515e-07
6.411386138613862e-06,9.28762376237624e-06,8.176512651265127e-06,7.065401540154015e-06,5.9542904290429046e-06,4.843179317931794e-06,3.7320682068206825e-06,2.620957095709571e-06,1.50984598459846e-06,3.987348734873488e-07
6.436138613861387e-06,9.284873487348735e-06,8.173762376237624e-06,7.0626512651265136e-06,5.951540154015402e-06,4.840429042904291e-06,3.7293179317931794e-06,2.618206820682068e-06,1.5070957095709573e-06,3.95984598459846e-07
6.460891089108912e-06,9.282123212321233e-06,8.171012101210122e-06,7.05990099009901e-06,5.948789878987899e-06,4.8376787678767875e-06,3.7265676567656767e-06,2.6154565456545655e-06,1.5043454345434544e-06,3.9323432343234324e-07
6.485643564356436e-06,9.27937293729373e-06,8.168261826182619e-06,7.057150715071508e-06,5.9460396039603965e-06,4.834928492849285e-06,3.723817381738174e-06,2.612706270627063e-06,1.5015951595159518e-06,3.9048404840484046e-07
6.510396039603961e-06,9.276622662266227e-06,8.165511551155116e-06,7.054400440044005e-06,5.943289328932894e-06,4.832178217821782e-06,3.7210671067106714e-06,2.60995599559956e-06,1.498844884488449e-06,3.877337733773378e-07
6.535148514851486e-06,9.273872387238725e-06,8.162761276127614e-06,7.051650165016503e-06,5.940539053905391e-06,4.8294279427942795e-06,3.7183168316831687e-06,2.6072057205720575e-06,1.4960946094609462e-06,3.84983498349835e-07
6.559900990099011e-06,9.271122112211222e-06,8.160011001100111e-06,7.048899889988999e-06,5.9377887788778885e-06,4.826677667766777e-06,3.715566556655666e-06,2.604455445544555e-06,1.4933443344334433e-06,3.822332233223323e-07
6.5846534653465355e-06,9.26837183718372e-06,8.157260726072608e-06,7.0461496149614975e-06,5.935038503850386e-06,4.823927392739274e-06,3.7128162816281634e-06,2.601705170517052e-06,1.4905940594059407e-06,3.794829482948295e-07
6.60940594059406e-06,9.265621562156217e-06,8.154510451045106e-06,7.043399339933994e-06,5.932288228822882e-06,4.8211771177117715e-06,3.7100660066006607e-06,2.5989548954895495e-06,1.487843784378438e-06,3.7673267326732674e-07
6.634158415841585e-06,9.262871287128714e-06,8.151760176017603e-06,7.0406490649064905e-06,5.9295379537953805e-06,4.818426842684269e-06,3.707315731573158e-06,2.5962046204620468e-06,1.4850935093509353e-06,3.7398239823982397e-07
6.65891089108911e-06,9.260121012101211e-06,8.149009900990099e-06,7.037898789878989e-06,5.926787678767877e-06,4.815676567656766e-06,3.704565456545655e-06,2.5934543454345433e-06,1.4823432343234327e-06,3.7123212321232124e-07
6.683663366336635e-06,9.257370737073707e-06,8.146259625962598e-06,7.035148514851485e-06,5.924037403740374e-06,4.8129262926292635e-06,3.701815181518152e-06,2.5907040704070406e-06,1.4795929592959296e-06,3.684818481848185e-07
6.708415841584159e-06,9.254620462046206e-06,8.143509350935093e-06,7.032398239823983e-06,5.921287128712872e-06,4.81017601760176e-06,3.699064906490649e-06,2.587953795379538e-06,1.4768426842684269e-06,3.657315731573158e-07
6.733168316831684e-06,9.251870187018701e-06,8.140759075907592e-06,7.02964796479648e-06,5.918536853685369e-06,4.807425742574257e-06,3.6963146314631465e-06,2.5852035203520353e-06,1.4740924092409242e-06,3.62981298129813e-07
6.757920792079209e-06,9.2491199119912e-06,8.138008800880088e-06,7.026897689768978e-06,5.915786578657866e-06,4.804675467546755e-06,3.693564356435644e-06,2.5824532453245326e-06,1.4713421342134215e-06,3.6023102310231025e-07
6.782673267326734e-06,9.246369636963696e-06,8.135258525852587e-06,7.0241474147414745e-06,5.913036303630364e-06,4.801925192519252e-06,3.690814081408141e-06,2.57970297029703e-06,1.4685918591859189e-06,3.5748074807480747e-07
6.8074257425742585e-06,9.243619361936195e-06,8.132508250825083e-06,7.021397139713973e-06,5.910286028602861e-06,4.799174917491749e-06,3.6880638063806385e-06,2.5769526952695272e-06,1.4658415841584158e-06,3.5473047304730475e-07
6.832178217821783e-06,9.24086908690869e-06,8.129757975797582e-06,7.018646864686469e-06,5.9075357535753575e-06,4.796424642464247e-06,3.685313531353136e-06,2.5742024202420246e-06,1.4630913091309131e-06,3.5198019801980197e-07
6.856930693069308e-06,9.23811881188119e-06,8.127007700770077e-06,7.015896589658966e-06,5.904785478547856e-06,4.793674367436744e-06,3.682563256325633e-06,2.571452145214522e-06,1.4603410341034104e-06,3.492299229922993e-07
6.8816831683168314e-06,9.235368536853685e-06,8.124257425742575e-06,7.013146314631464e-06,5.902035203520352e-06,4.790924092409241e-06,3.6798129812981305e-06,2.568701870187019e-06,1.4575907590759078e-06,3.464796479647965e-07
6.906435643564356e-06,9.232618261826184e-06,8.121507150715072e-06,7.01039603960396e-06,5.89928492849285e-06,4.788173817381739e-06,3.677062706270627e-06,2.565951595159516e-06,1.4548404840484049e-06,3.4372937293729375e-07
6.931188118811881e-06,9.22986798679868e-06,8.11875687568757e-06,7.0076457645764585e-06,5.896534653465347e-06,4.785423542354236e-06,3.6743124312431243e-06,2.5632013201320135e-06,1.4520902090209022e-06,3.4097909790979103e-07
6.955940594059406e-06,9.227117711771177e-06,8.116006600660067e-06,7.004895489548955e-06,5.893784378437845e-06,4.7826732673267325e-06,3.6715621562156216e-06,2.5604510451045104e-06,1.4493399339933996e-06,3.3822882288228825e-07
6.980693069306931e-06,9.224367436743675e-06,8.113256325632564e-06,7.002145214521453e-06,5.8910341034103415e-06,4.77992299229923e-06,3.668811881188119e-06,2.5577007700770077e-06,1.4465896589658967e-06,3.354785478547855e-07
7.005445544554456e-06,9.221617161716172e-06,8.110506050605061e-06,6.99939493949395e-06,5.888283828382839e-06,4.777172717271727e-06,3.6660616061606163e-06,2.554950495049505e-06,1.443839383938394e-06,3.327282728272828e-07
7.030198019801981e-06,9.21886688668867e-06,8.107755775577559e-06,6.996644664466448e-06,5.885533553355336e-06,4.7744224422442244e-06,3.6633113311331136e-06,2.5522002200220024e-06,1.4410891089108911e-06,3.2997799779978003e-07
7.054950495049505e-06,9.216116611661167e-06,8.105005500550056e-06,6.993894389438944e-06,5.8827832783278334e-06,4.771672167216722e-06,3.660561056105611e-06,2.5494499449944997e-06,1.4383388338833885e-06,3.2722772277227725e-07
7.07970297029703e-06,9.213366336633664e-06,8.102255225522553e-06,6.9911441144114424e-06,5.880033003300331e-06,4.768921892189219e-06,3.6578107810781083e-06,2.546699669966997e-06,1.4355885588558858e-06,3.2447744774477453e-07
7.1044554455445545e-06,9.210616061606161e-06,8.09950495049505e-06,6.988393839383939e-06,5.877282728272827e-06,4.7661716171617164e-06,3.6550605060506056e-06,2.543949394939494e-06,1.4328382838283831e-06,3.2172717271727176e-07
7.129207920792079e-06,9.207865786578659e-06,8.096754675467548e-06,6.985643564356435e-06,5.8745324532453254e-06,4.763421342134214e-06,3.6523102310231025e-06,2.5411991199119913e-06,1.4300880088008802e-06,3.18976897689769e-07
7.153960396039604e-06,9.205115511551156e-06,8.094004400440044e-06,6.982893289328934e-06,5.871782178217822e-06,4.760671067106711e-06,3.6495599559956e-06,2.5384488448844886e-06,1.4273377337733773e-06,3.162266226622662e-07
7.178712871287129e-06,9.202365236523653e-06,8.091254125412543e-06,6.98014301430143e-06,5.86903190319032e-06,4.7579207920792084e-06,3.6468096809680968e-06,2.535698569856986e-06,1.4245874587458747e-06,3.1347634763476353e-07
7.203465346534654e-06,9.19961496149615e-06,8.088503850385038e-06,6.977392739273928e-06,5.866281628162817e-06,4.755170517051706e-06,3.644059405940594e-06,2.5329482948294833e-06,1.421837183718372e-06,3.1072607260726076e-07
7.228217821782179e-06,9.196864686468648e-06,8.085753575357537e-06,6.974642464246425e-06,5.863531353135315e-06,4.752420242024203e-06,3.6413091309130914e-06,2.5301980198019806e-06,1.4190869086908693e-06,3.0797579757975804e-07
7.252970297029704e-06,9.194114411441145e-06,8.083003300330033e-06,6.971892189218923e-06,5.860781078107811e-06,4.7496699669967e-06,3.6385588558855887e-06,2.527447744774478e-06,1.4163366336633662e-06,3.0522552255225526e-07
7.277722772277228e-06,9.191364136413641e-06,8.080253025302532e-06,6.969141914191419e-06,5.858030803080309e-06,4.746919691969198e-06,3.635808580858086e-06,2.5246974697469752e-06,1.4135863586358636e-06,3.024752475247525e-07
7.302475247524753e-06,9.18861386138614e-06,8.077502750275028e-06,6.9663916391639176e-06,5.855280528052806e-06,4.744169416941694e-06,3.6330583058305834e-06,2.521947194719472e-06,1.410836083608361e-06,2.9972497249724976e-07
7.3272277227722775e-06,9.185863586358636e-06,8.074752475247527e-06,6.963641364136414e-06,5.852530253025302e-06,4.7414191419141916e-06,3.6303080308030807e-06,2.5191969196919695e-06,1.4080858085808582e-06,2.96974697469747e-07
7.351980198019802e-06,9.183113311331135e-06,8.072002200220022e-06,6.960891089108911e-06,5.8497799779978006e-06,4.738668866886689e-06,3.627557755775578e-06,2.5164466446644664e-06,1.4053355335533556e-06,2.9422442244224426e-07
7.376732673267327e-06,9.18036303630363e-06,8.06925192519252e-06,6.958140814081409e-06,5.847029702970297e-06,4.735918591859186e-06,3.624807480748075e-06,2.5136963696369637e-06,1.4025852585258527e-06,2.914741474147415e-07
7.401485148514852e-06,9.177612761276128e-06,8.066501650165017e-06,6.955390539053905e-06,5.844279427942795e-06,4.7331683168316835e-06,3.6220572057205723e-06,2.510946094609461e-06,1.3998349834983498e-06,2.8872387238723876e-07
7.426237623762377e-06,9.174862486248625e-06,8.063751375137514e-06,6.952640264026403e-06,5.841529152915292e-06,4.730418041804181e-06,3.6193069306930696e-06,2.5081958195819584e-06,1.3970847084708471e-06,2.85973597359736e-07
7.450990099009902e-06,9.172112211221122e-06,8.061001100110012e-06,6.9498899889989e-06,5.83877887788779e-06,4.727667766776678e-06,3.616556655665567e-06,2.5054455445544557e-06,1.3943344334433445e-06,2.832233223322332e-07
7.475742574257426e-06,9.16936193619362e-06,8.058250825082509e-06,6.947139713971398e-06,5.836028602860286e-06,4.7249174917491755e-06,3.6138063806380643e-06,2.502695269526953e-06,1.3915841584158418e-06,2.804730473047305e-07
7.500495049504951e-06,9.166611661166117e-06,8.055500550055006e-06,6.9443894389438945e-06,5.8332783278327845e-06,4.722167216721673e-06,3.6110561056105616e-06,2.4999449944994504e-06,1.388833883388339e-06,2.7772277227722777e-07
7.525247524752476e-06,9.163861386138614e-06,8.052750275027504e-06,6.941639163916393e-06,5.830528052805281e-06,4.71941694169417e-06,3.6083058305830585e-06,2.4971947194719473e-06,1.3860836083608362e-06,2.74972497249725e-07
7.5500000000000006e-06,9.161111111111112e-06,8.050000000000001e-06,6.938888888888889e-06,5.8277777777777775e-06,4.7166666666666675e-06,3.605555555555556e-06,2.4944444444444446e-06,1.3833333333333336e-06,2.722222222222222e-07
7.5747524752475254e-06,9.158360836083609e-06,8.047249724972498e-06,6.9361386138613865e-06,5.825027502750276e-06,4.713916391639165e-06,3.602805280528053e-06,2.491694169416942e-06,1.3805830583058307e-06,2.694719471947195e-07
7.59950495049505e-06,9.155610561056106e-06,8.044499449944994e-06,6.933388338833884e-06,5.822277227722772e-06,4.711166116611662e-06,3.60005500550055e-06,2.4889438943894393e-06,1.3778327832783278e-06,2.667216721672167e-07
7.624257425742575e-06,9.152860286028604e-06,8.041749174917493e-06,6.930638063806381e-06,5.81952695269527e-06,4.708415841584159e-06,3.5973047304730474e-06,2.486193619361936e-06,1.3750825082508251e-06,2.63971397139714e-07
7.6490099009901e-06,9.150110011001101e-06,8.038998899889988e-06,6.9278877887788785e-06,5.816776677667767e-06,4.705665566556656e-06,3.5945544554455448e-06,2.4834433443344335e-06,1.3723322332233225e-06,2.6122112211221127e-07
7.673762376237624e-06,9.147359735973598e-06,8.036248624862488e-06,6.925137513751376e-06,5.814026402640265e-06,4.702915291529153e-06,3.591804180418042e-06,2.480693069306931e-06,1.3695819581958198e-06,2.584708470847085e-07
7.69851485148515e-06,9.144609460946096e-06,8.033498349834983e-06,6.922387238723873e-06,5.8112761276127615e-06,4.700165016501651e-06,3.5890539053905394e-06,2.477942794279428e-06,1.3668316831683171e-06,2.557205720572057e-07
7.723267326732674e-06,9.141859185918593e-06,8.030748074807482e-06,6.91963696369637e-06,5.80852585258526e-06,4.697414741474148e-06,3.5863036303630367e-06,2.4751925192519255e-06,1.364081408140814e-06,2.52970297029703e-07
7.7480198019802e-06,9.13910891089109e-06,8.027997799779978e-06,6.916886688668868e-06,5.805775577557756e-06,4.694664466446645e-06,3.583553355335534e-06,2.4724422442244224e-06,1.3613311331133114e-06,2.502200220022002e-07
7.772772277227724e-06,9.136358635863588e-06,8.025247524752477e-06,6.914136413641364e-06,5.803025302530253e-06,4.691914191419143e-06,3.5808030803080314e-06,2.4696919691969197e-06,1.3585808580858087e-06,2.474697469746975e-07
7.797524752475248e-06,9.133608360836085e-06,8.022497249724972e-06,6.911386138613862e-06,5.800275027502751e-06,4.68916391639164e-06,3.5780528052805287e-06,2.466941694169417e-06,1.355830583058306e-06,2.447194719471947e-07
7.822277227722773e-06,9.130858085808582e-06,8.01974697469747e-06,6.908635863586359e-06,5.797524752475247e-06,4.686413641364137e-06,3.575302530253026e-06,2.4641914191419144e-06,1.3530803080308034e-06,2.41969196919692e-07
7.847029702970297e-06,9.128107810781078e-06,8.016996699669967e-06,6.905885588558856e-06,5.7947744774477455e-06,4.683663366336635e-06,3.5725522552255225e-06,2.4614411441144117e-06,1.3503300330033003e-06,2.392189218921892e-07
7.871782178217823e-06,9.125357535753577e-06,8.014246424642464e-06,6.903135313531354e-06,5.792024202420242e-06,4.680913091309131e-06,3.56980198019802e-06,2.4586908690869086e-06,1.3475797579757976e-06,2.3646864686468647e-07
7.896534653465347e-06,9.122607260726073e-06,8.011496149614962e-06,6.900385038503851e-06,5.78927392739274e-06,4.6781628162816285e-06,3.567051705170517e-06,2.455940594059406e-06,1.344829482948295e-06,2.3371837183718375e-07
7.921287128712873e-06,9.119856985698572e-06,8.008745874587459e-06,6.897634763476348e-06,5.786523652365237e-06,4.675412541254126e-06,3.5643014301430145e-06,2.4531903190319033e-06,1.3420792079207923e-06,2.30968096809681e-07
7.946039603960397e-06,9.117106710671067e-06,8.005995599559956e-06,6.894884488448846e-06,5.783773377337735e-06,4.672662266226623e-06,3.561551155115512e-06,2.4504400440044006e-06,1.3393289328932894e-06,2.2821782178217823e-07
7.970792079207923e-06,9.114356435643565e-06,8.003245324532454e-06,6.892134213421343e-06,5.781023102310231e-06,4.6699119911991204e-06,3.558800880088009e-06,2.447689768976898e-06,1.3365786578657867e-06,2.2546754675467548e-07
7.995544554455447e-06,9.111606160616062e-06,8.000495049504951e-06,6.88938393839384e-06,5.778272827282729e-06,4.667161716171618e-06,3.5560506050605065e-06,2.444939493949395e-06,1.3338283828382838e-06,2.2271727172717275e-07
8.02029702970297e-06,9.10885588558856e-06,7.997744774477448e-06,6.886633663366337e-06,5.775522552255226e-06,4.664411441144115e-06,3.553300330033004e-06,2.442189218921892e-06,1.3310781078107811e-06,2.1996699669966998e-07
8.045049504950496e-06,9.106105610561057e-06,7.994994499449946e-06,6.883883388338835e-06,5.772772277227722e-06,4.6616611661166124e-06,3.550550055005501e-06,2.4394389438943895e-06,1.3283278327832785e-06,2.1721672167216723e-07
8.06980198019802e-06,9.103355335533554e-06,7.992244224422443e-06,6.881133113311331e-06,5.770022002200221e-06,4.65891089108911e-06,3.5477997799779977e-06,2.436688668866887e-06,1.3255775577557756e-06,2.144664466446645e-07
8.094554455445546e-06,9.100605060506051e-06,7.98949394939494e-06,6.878382838283829e-06,5.767271727172717e-06,4.656160616061606e-06,3.545049504950495e-06,2.433938393839384e-06,1.322827282728273e-06,2.1171617161716173e-07
8.11930693069307e-06,9.097854785478549e-06,7.986743674367438e-06,6.875632563256326e-06,5.764521452145215e-06,4.653410341034104e-06,3.5422992299229923e-06,2.4311881188118815e-06,1.3200770077007703e-06,2.0896589658965898e-07
8.144059405940594e-06,9.095104510451046e-06,7.983993399339935e-06,6.872882288228823e-06,5.761771177117712e-06,4.650660066006601e-06,3.5395489548954897e-06,2.428437843784379e-06,1.3173267326732676e-06,2.062156215621562e-07
8.168811881188118e-06,9.092354235423543e-06,7.981243124312432e-06,6.870132013201321e-06,5.75902090209021e-06,4.647909790979098e-06,3.536798679867987e-06,2.4256875687568757e-06,1.3145764576457647e-06,2.0346534653465348e-07
8.193564356435644e-06,9.08960396039604e-06,7.97849284928493e-06,6.867381738173818e-06,5.756270627062706e-06,4.6451595159515956e-06,3.5340484048404843e-06,2.422937293729373e-06,1.3118261826182618e-06,2.0071507150715073e-07
8.218316831683168e-06,9.086853685368538e-06,7.975742574257427e-06,6.864631463146315e-06,5.7535203520352046e-06,4.642409240924093e-06,3.5312981298129817e-06,2.4201870187018704e-06,1.3090759075907592e-06,1.9796479647964796e-07
8.243069306930694e-06,9.084103410341035e-06,7.972992299229924e-06,6.861881188118813e-06,5.750770077007701e-06,4.63965896589659e-06,3.528547854785479e-06,2.4174367436743677e-06,1.3063256325632565e-06,1.9521452145214524e-07
8.267821782178218e-06,9.081353135313533e-06,7.970242024202422e-06,6.85913091309131e-06,5.748019801980198e-06,4.6369086908690876e-06,3.5257975797579763e-06,2.414686468646865e-06,1.3035753575357538e-06,1.9246424642464249e-07
8.292574257425743e-06,9.07860286028603e-06,7.967491749174917e-06,6.8563806380638065e-06,5.745269526952696e-06,4.634158415841585e-06,3.5230473047304732e-06,2.4119361936193624e-06,1.3008250825082511e-06,1.897139713971397e-07
8.317326732673267e-06,9.075852585258527e-06,7.964741474147415e-06,6.853630363036305e-06,5.742519251925193e-06,4.631408140814081e-06,3.5202970297029705e-06,2.4091859185918597e-06,1.298074807480748e-06,1.86963696369637e-07
8.342079207920793e-06,9.073102310231023e-06,7.961991199119912e-06,6.850880088008801e-06,5.73976897689769e-06,4.628657865786579e-06,3.517546754675468e-06,2.4064356435643566e-06,1.2953245324532454e-06,1.8421342134213424e-07
8.366831683168317e-06,9.070352035203522e-06,7.95924092409241e-06,6.848129812981299e-06,5.737018701870187e-06,4.625907590759076e-06,3.514796479647965e-06,2.403685368536854e-06,1.2925742574257427e-06,1.8146314631463146e-07
8.391584158415841e-06,9.067601760176018e-06,7.956490649064907e-06,6.845379537953796e-06,5.734268426842685e-06,4.623157315731573e-06,3.512046204620462e-06,2.4009350935093513e-06,1.28982398239824e-06,1.787128712871287e-07
8.416336633663367e-06,9.064851485148517e-06,7.953740374037404e-06,6.842629262926293e-06,5.7315181518151815e-06,4.620407040704071e-06,3.5092959295929594e-06,2.3981848184818486e-06,1.2870737073707372e-06,1.75962596259626e-07
8.441089108910891e-06,9.062101210121012e-06,7.950990099009901e-06,6.8398789878987905e-06,5.72876787678768e-06,4.617656765676568e-06,3.5065456545654568e-06,2.3954345434543455e-06,1.2843234323432343e-06,1.7321232123212321e-07
8.465841584158417e-06,9.059350935093511e-06,7.948239823982399e-06,6.837128712871288e-06,5.726017601760176e-06,4.614906490649065e-06,3.503795379537954e-06,2.392684268426843e-06,1.2815731573157316e-06,1.7046204620462046e-07
8.49059405940594e-06,9.056600660066007e-06,7.945489548954896e-06,6.834378437843785e-06,5.7232673267326735e-06,4.612156215621563e-06,3.5010451045104514e-06,2.38993399339934e-06,1.278822882288229e-06,1.6771177117711774e-07
8.515346534653466e-06,9.053850385038506e-06,7.942739273927393e-06,6.831628162816282e-06,5.720517051705171e-06,4.60940594059406e-06,3.4982948294829488e-06,2.3871837183718375e-06,1.2760726072607263e-06,1.6496149614961497e-07
8.54009900990099e-06,9.051100110011001e-06,7.93998899889989e-06,6.82887788778878e-06,5.717766776677668e-06,4.606655665566557e-06,3.4955445544554457e-06,2.384433443344335e-06,1.2733223322332234e-06,1.6221122112211222e-07
8.564851485148515e-06,9.048349834983499e-06,7.937238723872388e-06,6.826127612761276e-06,5.7150165016501655e-06,4.603905390539054e-06,3.492794279427943e-06,2.3816831683168318e-06,1.2705720572057207e-06,1.5946094609460947e-07
8.58960396039604e-06,9.045599559955996e-06,7.934488448844885e-06,6.8233773377337745e-06,5.712266226622663e-06,4.601155115511551e-06,3.4900440044004403e-06,2.378932893289329e-06,1.267821782178218e-06,1.5671067106710672e-07
8.614356435643564e-06,9.042849284928493e-06,7.931738173817383e-06,6.820627062706271e-06,5.70951595159516e-06,4.5984048404840485e-06,3.4872937293729377e-06,2.3761826182618264e-06,1.2650715071507152e-06,1.5396039603960397e-07
8.63910891089109e-06,9.04009900990099e-06,7.92898789878988e-06,6.817876787678769e-06,5.7067656765676575e-06,4.595654565456546e-06,3.484543454345435e-06,2.3734323432343237e-06,1.2623212321232125e-06,1.5121012101210122e-07
8.663861386138614e-06,9.037348734873488e-06,7.926237623762377e-06,6.815126512651266e-06,5.704015401540155e-06,4.592904290429043e-06,3.4817931793179323e-06,2.370682068206821e-06,1.2595709570957096e-06,1.4845984598459847e-07
8.68861386138614e-06,9.034598459845985e-06,7.923487348734875e-06,6.812376237623764e-06,5.701265126512652e-06,4.5901540154015405e-06,3.4790429042904297e-06,2.367931793179318e-06,1.256820682068207e-06,1.4570957095709572e-07
8.713366336633664e-06,9.031848184818483e-06,7.920737073707372e-06,6.80962596259626e-06,5.698514851485149e-06,4.587403740374038e-06,3.4762926292629266e-06,2.3651815181518153e-06,1.2540704070407043e-06,1.4295929592959297e-07
8.73811881188119e-06,9.02909790979098e-06,7.91798679867987e-06,6.806875687568757e-06,5.695764576457646e-06,4.584653465346535e-06,3.473542354235424e-06,2.3624312431243126e-06,1.2513201320132016e-06,1.4020902090209022e-07
8.762871287128714e-06,9.026347634763477e-06,7.915236523652365e-06,6.804125412541255e-06,5.693014301430143e-06,4.5819031903190325e-06,3.470792079207921e-06,2.35968096809681e-06,1.2485698569856987e-06,1.3745874587458747e-07
8.787623762376238e-06,9.023597359735973e-06,7.912486248624864e-06,6.8013751375137515e-06,5.690264026402641e-06,4.579152915291529e-06,3.468041804180418e-06,2.356930693069307e-06,1.2458195819581958e-06,1.3470847084708472e-07
8.812376237623763e-06,9.020847084708472e-06,7.90973597359736e-06,6.79862486248625e-06,5.687513751375138e-06,4.576402640264026e-06,3.4652915291529155e-06,2.354180418041804e-06,1.2430693069306932e-06,1.3195819581958197e-07
8.837128712871287e-06,9.018096809680968e-06,7.906985698569859e-06,6.795874587458746e-06,5.684763476347635e-06,4.573652365236524e-06,3.4625412541254128e-06,2.3514301430143015e-06,1.2403190319031905e-06,1.292079207920792e-07
8.861881188118813e-06,9.015346534653467e-06,7.904235423542354e-06,6.793124312431244e-06,5.682013201320133e-06,4.570902090209021e-06,3.45979097909791e-06,2.348679867986799e-06,1.2375687568756876e-06,1.2645764576457648e-07
8.886633663366337e-06,9.012596259625962e-06,7.901485148514853e-06,6.790374037403741e-06,5.67926292629263e-06,4.568151815181518e-06,3.4570407040704074e-06,2.345929592959296e-06,1.234818481848185e-06,1.2370737073707373e-07
8.911386138613863e-06,9.009845984598461e-06,7.898734873487349e-06,6.787623762376239e-06,5.676512651265127e-06,4.565401540154016e-06,3.4542904290429048e-06,2.343179317931793e-06,1.232068206820682e-06,1.2095709570957098e-07
8.936138613861387e-06,9.007095709570957e-06,7.895984598459848e-06,6.7848734873487354e-06,5.673762376237624e-06,4.562651265126513e-06,3.451540154015402e-06,2.3404290429042904e-06,1.2293179317931794e-06,1.1820682068206821e-07
8.960891089108913e-06,9.004345434543456e-06,7.893234323432344e-06,6.782123212321232e-06,5.671012101210122e-06,4.55990099009901e-06,3.4487898789878994e-06,2.3376787678767878e-06,1.2265676567656765e-06,1.1545654565456547e-07
8.985643564356437e-06,9.001595159515952e-06,7.890484048404841e-06,6.77937293729373e-06,5.668261826182618e-06,4.557150715071508e-06,3.446039603960396e-06,2.334928492849285e-06,1.2238173817381738e-06,1.1270627062706272e-07
9.01039603960396e-06,8.998844884488449e-06,7.887733773377338e-06,6.7766226622662266e-06,5.665511551155117e-06,4.554400440044005e-06,3.4432893289328933e-06,2.3321782178217824e-06,1.2210671067106712e-06,1.0995599559955995e-07
9.035148514851486e-06,8.996094609460946e-06,7.884983498349836e-06,6.773872387238725e-06,5.662761276127613e-06,4.551650165016501e-06,3.4405390539053906e-06,2.3294279427942793e-06,1.2183168316831683e-06,1.0720572057205722e-07
9.05990099009901e-06,8.993344334433444e-06,7.882233223322333e-06,6.771122112211221e-06,5.66001100110011e-06,4.548899889988999e-06,3.437788778877888e-06,2.3266776677667767e-06,1.2155665566556656e-06,1.0445544554455447e-07
9.084653465346536e-06,8.990594059405941e-06,7.87948294829483e-06,6.768371837183719e-06,5.657260726072608e-06,4.546149614961496e-06,3.4350385038503852e-06,2.323927392739274e-06,1.212816281628163e-06,1.017051705170517e-07
9.10940594059406e-06,8.987843784378438e-06,7.876732673267328e-06,6.765621562156216e-06,5.654510451045105e-06,4.543399339933993e-06,3.4322882288228826e-06,2.3211771177117713e-06,1.21006600660066e-06,9.895489548954897e-08
9.134158415841586e-06,8.985093509350936e-06,7.873982398239825e-06,6.762871287128714e-06,5.651760176017602e-06,4.540649064906491e-06,3.42953795379538e-06,2.3184268426842687e-06,1.2073157315731574e-06,9.620462046204621e-08
9.15891089108911e-06,8.982343234323433e-06,7.871232123212322e-06,6.7601210121012106e-06,5.649009900990099e-06,4.537898789878988e-06,3.4267876787678772e-06,2.315676567656766e-06,1.2045654565456547e-06,9.345434543454346e-08
9.183663366336636e-06,8.97959295929593e-06,7.86848184818482e-06,6.757370737073707e-06,5.646259625962597e-06,4.535148514851485e-06,3.4240374037403746e-06,2.3129262926292633e-06,1.201815181518152e-06,9.070407040704072e-08
9.20841584158416e-06,8.976842684268428e-06,7.865731573157315e-06,6.754620462046205e-06,5.6435093509350935e-06,4.532398239823983e-06,3.421287128712872e-06,2.3101760176017602e-06,1.1990649064906492e-06,8.795379537953796e-08
9.233168316831684e-06,8.974092409240925e-06,7.862981298129814e-06,6.751870187018702e-06,5.640759075907592e-06,4.52964796479648e-06,3.4185368536853684e-06,2.3074257425742575e-06,1.1963146314631465e-06,8.520352035203521e-08
9.25792079207921e-06,8.971342134213422e-06,7.86023102310231e-06,6.7491199119912e-06,5.638008800880088e-06,4.526897689768977e-06,3.4157865786578657e-06,2.304675467546755e-06,1.1935643564356436e-06,8.245324532453246e-08
9.282673267326733e-06,8.96859185918592e-06,7.857480748074809e-06,6.746369636963696e-06,5.635258525852586e-06,4.524147414741475e-06,3.413036303630363e-06,2.301925192519252e-06,1.190814081408141e-06,7.970297029702971e-08
9.307425742574259e-06,8.965841584158417e-06,7.854730473047305e-06,6.7436193619361945e-06,5.632508250825083e-06,4.521397139713972e-06,3.4102860286028604e-06,2.2991749174917495e-06,1.1880638063806383e-06,7.695269526952696e-08
9.332178217821783e-06,8.963091309130914e-06,7.851980198019804e-06,6.740869086908691e-06,5.629757975797581e-06,4.518646864686469e-06,3.4075357535753577e-06,2.296424642464247e-06,1.1853135313531354e-06,7.420242024202421e-08
9.356930693069309e-06,8.960341034103412e-06,7.8492299229923e-06,6.738118811881189e-06,5.6270077007700775e-06,4.515896589658966e-06,3.404785478547855e-06,2.2936743674367438e-06,1.1825632563256327e-06,7.145214521452145e-08
9.381683168316831e-06,8.957590759075907e-06,7.846479647964798e-06,6.735368536853686e-06,5.624257425742575e-06,4.513146314631463e-06,3.4020352035203524e-06,2.290924092409241e-06,1.1798129812981299e-06,6.870187018701871e-08
9.406435643564357e-06,8.954840484048406e-06,7.843729372937294e-06,6.732618261826184e-06,5.621507150715072e-06,4.5103960396039605e-06,3.3992849284928497e-06,2.2881738173817384e-06,1.1770627062706272e-06,6.595159515951596e-08
9.431188118811881e-06,8.952090209020902e-06,7.840979097909793e-06,6.72986798679868e-06,5.618756875687569e-06,4.507645764576458e-06,3.396534653465347e-06,2.2854235423542358e-06,1.1743124312431243e-06,6.32013201320132e-08
9.455940594059407e-06,8.949339933993401e-06,7.838228822882288e-06,6.727117711771177e-06,5.616006600660067e-06,4.504895489548955e-06,3.393784378437844e-06,2.282673267326733e-06,1.1715621562156216e-06,6.045104510451045e-08
9.48069306930693e-06,8.946589658965897e-06,7.835478547854786e-06,6.724367436743675e-06,5.613256325632563e-06,4.5021452145214525e-06,3.3910341034103413e-06,2.27992299229923e-06,1.168811881188119e-06,5.7700770077007704e-08
9.505445544554456e-06,8.943839383938394e-06,7.832728272827283e-06,6.7216171617161715e-06,5.6105060506050615e-06,4.49939493949395e-06,3.3882838283828386e-06,2.2771727172717273e-06,1.166061606160616e-06,5.4950495049504954e-08
9.53019801980198e-06,8.941089108910891e-06,7.82997799779978e-06,6.71886688668867e-06,5.607755775577558e-06,4.496644664466447e-06,3.385533553355336e-06,2.2744224422442247e-06,1.1633113311331134e-06,5.220022002200221e-08
9.554950495049505e-06,8.938338833883389e-06,7.827227722772278e-06,6.716116611661166e-06,5.605005500550056e-06,4.4938943894389445e-06,3.3827832783278332e-06,2.271672167216722e-06,1.1605610561056105e-06,4.9449944994499456e-08
9.57970297029703e-06,8.935588558855886e-06,7.824477447744775e-06,6.713366336633664e-06,5.602255225522553e-06,4.491144114411442e-06,3.38003300330033e-06,2.2689218921892193e-06,1.1578107810781079e-06,4.6699669966996707e-08
9.604455445544554e-06,8.932838283828383e-06,7.821727172717272e-06,6.710616061606161e-06,5.599504950495051e-06,4.488393839383939e-06,3.3772827282728275e-06,2.2661716171617162e-06,1.1550605060506052e-06,4.394939493949395e-08
9.62920792079208e-06,8.93008800880088e-06,7.81897689768977e-06,6.707865786578659e-06,5.596754675467547e-06,4.4856435643564365e-06,3.374532453245325e-06,2.2634213421342136e-06,1.1523102310231023e-06,4.11991199119912e-08
9.653960396039604e-06,8.927337733773378e-06,7.816226622662267e-06,6.7051155115511555e-06,5.594004400440044e-06,4.482893289328934e-06,3.371782178217822e-06,2.260671067106711e-06,1.1495599559955996e-06,3.844884488448845e-08
9.67871287128713e-06,8.924587458745875e-06,7.813476347634764e-06,6.702365236523653e-06,5.591254125412542e-06,4.480143014301431e-06,3.369031903190319e-06,2.2579207920792082e-06,1.146809680968097e-06,3.56985698569857e-08
9.703465346534654e-06,8.921837183718373e-06,7.81072607260726e-06,6.69961496149615e-06,5.5885038503850385e-06,4.477392739273928e-06,3.3662816281628164e-06,2.2551705170517056e-06,1.1440594059405943e-06,3.294829482948295e-08
9.72821782178218e-06,8.91908690869087e-06,7.807975797579759e-06,6.6968646864686475e-06,5.585753575357537e-06,4.474642464246425e-06,3.3635313531353137e-06,2.2524202420242025e-06,1.1413091309130914e-06,3.0198019801980204e-08
9.752970297029704e-06,8.916336633663367e-06,7.805225522552255e-06,6.694114411441145e-06,5.583003300330033e-06,4.471892189218922e-06,3.360781078107811e-06,2.2496699669966998e-06,1.1385588558855888e-06,2.7447744774477448e-08
9.777722772277228e-06,8.913586358635865e-06,7.802475247524754e-06,6.691364136413641e-06,5.580253025302531e-06,4.46914191419142e-06,3.3580308030803084e-06,2.246919691969197e-06,1.1358085808580859e-06,2.46974697469747e-08
9.802475247524753e-06,8.910836083608362e-06,7.79972497249725e-06,6.6886138613861394e-06,5.577502750275028e-06,4.466391639163917e-06,3.3552805280528057e-06,2.2441694169416944e-06,1.1330583058305832e-06,2.194719471947195e-08
9.827227722772277e-06,8.90808580858086e-06,7.796974697469748e-06,6.685863586358636e-06,5.574752475247526e-06,4.463641364136414e-06,3.352530253025303e-06,2.2414191419141914e-06,1.1303080308030805e-06,1.9196919691969197e-08
9.851980198019803e-06,8.905335533553357e-06,7.794224422442244e-06,6.683113311331134e-06,5.5720022002200224e-06,4.460891089108912e-06,3.3497799779978004e-06,2.2386688668866887e-06,1.1275577557755776e-06,1.6446644664466448e-08
9.876732673267327e-06,8.902585258525854e-06,7.791474147414743e-06,6.680363036303631e-06,5.569251925192519e-06,4.458140814081409e-06,3.3470297029702977e-06,2.235918591859186e-06,1.124807480748075e-06,1.3696369636963698e-08
9.901485148514853e-06,8.899834983498351e-06,7.788723872387239e-06,6.677612761276128e-06,5.566501650165017e-06,4.455390539053906e-06,3.344279427942795e-06,2.2331683168316833e-06,1.122057205720572e-06,1.0946094609460946e-08
9.926237623762377e-06,8.897084708470849e-06,7.785973597359736e-06,6.674862486248625e-06,5.5637513751375136e-06,4.452640264026404e-06,3.3415291529152915e-06,2.2304180418041807e-06,1.1193069306930694e-06,8.195819581958196e-09
9.950990099009903e-06,8.894334433443344e-06,7.783223322332233e-06,6.672112211221123e-06,5.561001100110012e-06,4.4498899889989e-06,3.338778877887789e-06,2.2276677667766776e-06,1.1165566556655665e-06,5.445544554455446e-09
9.975742574257427e-06,8.891584158415843e-06,7.78047304730473e-06,6.66936193619362e-06,5.558250825082508e-06,4.447139713971397e-06,3.336028602860286e-06,2.224917491749175e-06,1.1138063806380639e-06,2.6952695269526957e-09
